id,name,type,costRAM,tags,effects,defaultUseCounter,defaultFinalMutationCountdown,mutationOdds,finalMutation,extra
C-001,Strike,Attack,1,Core,"[{""op"": ""DealDamage"", ""target"": ""Enemy"", ""amount"": 6}]",5,5,"{""triggerChance"": 0.12, ""tiers"": {""A"": 100.0}}","{""outcomeWeights"": {""brick"": 0.5, ""rewrite"": 0.5}, ""brickBehavior"": ""Exhaust"", ""rewritePoolDefIds"": []}",
C-002,Guard,Defense,1,Core;Firewall,"[{""op"": ""RawText"", ""text"": ""Gain 6 Firewall.""}]",10,10,"{""triggerChance"": 0.1, ""tiers"": {""A"": 100.0}}","{""outcomeWeights"": {""brick"": 0.5, ""rewrite"": 0.5}, ""brickBehavior"": ""Exhaust"", ""rewritePoolDefIds"": []}",
C-003,Patch,Support,1,Core;Nanoflow,"[{""op"": ""RawText"", ""text"": ""Heal 5 HP.""}]",3,3,"{""triggerChance"": 0.18, ""tiers"": {""A"": 100.0}}","{""outcomeWeights"": {""brick"": 0.5, ""rewrite"": 0.5}, ""brickBehavior"": ""Exhaust"", ""rewritePoolDefIds"": []}",
C-004,Scan,Utility,1,Core,"[{""op"": ""DrawCards"", ""target"": ""Self"", ""amount"": 2}]",4,4,"{""triggerChance"": 0.15, ""tiers"": {""A"": 90.0, ""B"": 10.0}}","{""outcomeWeights"": {""brick"": 0.5, ""rewrite"": 0.5}, ""brickBehavior"": ""Exhaust"", ""rewritePoolDefIds"": []}",
C-005,Ricochet,Attack,1,Core,"[{""op"": ""DealDamage"", ""target"": ""Enemy"", ""amount"": 9}]",5,5,"{""triggerChance"": 0.14, ""tiers"": {""A"": 95.0, ""B"": 5.0}}","{""outcomeWeights"": {""brick"": 0.5, ""rewrite"": 0.5}, ""brickBehavior"": ""Exhaust"", ""rewritePoolDefIds"": []}",
C-006,Charge Pack,Utility,0,Core;OpeningHand;RAM,"[{""op"": ""RawText"", ""text"": ""Restore 2 RAM.""}]",2,2,"{""triggerChance"": 0.2, ""tiers"": {""A"": 65.0, ""B"": 30.0, ""C"": 5.0}}","{""outcomeWeights"": {""brick"": 0.5, ""rewrite"": 0.5}, ""brickBehavior"": ""Exhaust"", ""rewritePoolDefIds"": []}",
C-007,Countermeasure,Defense,1,Core,"[{""op"": ""RawText"", ""text"": ""If an enemy is attacking this turn, Gain 6 Firewall and heal 5HP.""}]",3,3,"{""triggerChance"": 0.16, ""tiers"": {""A"": 80.0, ""B"": 15.0, ""C"": 5.0}}","{""outcomeWeights"": {""brick"": 0.5, ""rewrite"": 0.5}, ""brickBehavior"": ""Exhaust"", ""rewritePoolDefIds"": []}",
C-008,Sweep Pulse,Attack,1,Core,"[{""op"": ""DealDamage"", ""target"": ""Enemy"", ""amount"": 3}]",5,5,"{""triggerChance"": 0.14, ""tiers"": {""A"": 90.0, ""B"": 10.0}}","{""outcomeWeights"": {""brick"": 0.5, ""rewrite"": 0.5}, ""brickBehavior"": ""Exhaust"", ""rewritePoolDefIds"": []}",
C-009,Antivirus Lockout,Skill / Enemy interference,1,Core,"[{""op"": ""RawText"", ""text"": ""Enemies cannot heal this round.""}]",6,6,"{""triggerChance"": 0.12, ""tiers"": {""A"": 100.0}}","{""outcomeWeights"": {""brick"": 0.5, ""rewrite"": 0.5}, ""brickBehavior"": ""Exhaust"", ""rewritePoolDefIds"": []}",
C-010,Scatterfire,Attack,1,Core,"[{""op"": ""DealDamage"", ""target"": ""Enemy"", ""amount"": 2}]",4,4,"{""triggerChance"": 0.15, ""tiers"": {""A"": 85.0, ""B"": 15.0}}","{""outcomeWeights"": {""brick"": 0.5, ""rewrite"": 0.5}, ""brickBehavior"": ""Exhaust"", ""rewritePoolDefIds"": []}",
C-011,Shieldbreak Pulse,Utility,0,Core;Breach;OpeningHand,"[{""op"": ""RawText"", ""text"": ""Strip all Firewall from ALL enemies.""}, {""op"": ""DrawCards"", ""target"": ""Self"", ""amount"": 1}]",4,4,"{""triggerChance"": 0.0, ""tiers"": {""A"": 100.0}}","{""outcomeWeights"": {""brick"": 0.0, ""rewrite"": 1.0}, ""brickBehavior"": ""Exhaust"", ""rewritePoolDefIds"": []}",
NC-001,Burst Shot,Attack,2,,"[{""op"": ""DealDamage"", ""target"": ""Enemy"", ""amount"": 9}]",22,22,"{""triggerChance"": 0.25, ""tiers"": {""A"": 75.0, ""B"": 20.0, ""C"": 5.0}}","{""outcomeWeights"": {""brick"": 0.5, ""rewrite"": 0.5}, ""brickBehavior"": ""Exhaust"", ""rewritePoolDefIds"": []}",
NC-002,Ping Storm,Attack,2,,"[{""op"": ""DealDamage"", ""target"": ""Enemy"", ""amount"": 5}]",26,26,"{""triggerChance"": 0.22, ""tiers"": {""A"": 80.0, ""B"": 15.0, ""C"": 5.0}}","{""outcomeWeights"": {""brick"": 0.5, ""rewrite"": 0.5}, ""brickBehavior"": ""Exhaust"", ""rewritePoolDefIds"": []}",
NC-003,Firewall Patch,Defense,2,Firewall,"[{""op"": ""RawText"", ""text"": ""Gain 10 Firewall.""}]",26,26,"{""triggerChance"": 0.22, ""tiers"": {""A"": 85.0, ""B"": 12.0, ""C"": 3.0}}","{""outcomeWeights"": {""brick"": 0.5, ""rewrite"": 0.5}, ""brickBehavior"": ""Exhaust"", ""rewritePoolDefIds"": []}",
NC-004,Quick Patch,Support,2,Nanoflow,"[{""op"": ""RawText"", ""text"": ""Heal 8 HP.""}]",22,22,"{""triggerChance"": 0.25, ""tiers"": {""A"": 80.0, ""B"": 15.0, ""C"": 5.0}}","{""outcomeWeights"": {""brick"": 0.5, ""rewrite"": 0.5}, ""brickBehavior"": ""Exhaust"", ""rewritePoolDefIds"": []}",
NC-005,Corrode Dart,Attack,2,Corrode,"[{""op"": ""RawText"", ""text"": ""Apply 5 Corrode.""}]",20,20,"{""triggerChance"": 0.28, ""tiers"": {""A"": 65.0, ""B"": 25.0, ""C"": 8.0, ""D"": 2.0}}","{""outcomeWeights"": {""brick"": 0.5, ""rewrite"": 0.5}, ""brickBehavior"": ""Exhaust"", ""rewritePoolDefIds"": []}",
NC-006,Underclock Nudge,Utility,2,Underclock,"[{""op"": ""RawText"", ""text"": ""Apply 2 Underclock.""}]",28,28,"{""triggerChance"": 0.2, ""tiers"": {""A"": 88.0, ""B"": 10.0, ""C"": 2.0}}","{""outcomeWeights"": {""brick"": 0.5, ""rewrite"": 0.5}, ""brickBehavior"": ""Exhaust"", ""rewritePoolDefIds"": []}",
NC-007,Port Probe,Utility,2,Exposed Ports,"[{""op"": ""RawText"", ""text"": ""Apply 2 Exposed Ports.""}]",22,22,"{""triggerChance"": 0.25, ""tiers"": {""A"": 78.0, ""B"": 17.0, ""C"": 5.0}}","{""outcomeWeights"": {""brick"": 0.5, ""rewrite"": 0.5}, ""brickBehavior"": ""Exhaust"", ""rewritePoolDefIds"": []}",
NC-008,Sensor Scramble,Utility,2,Sensor Glitch,"[{""op"": ""RawText"", ""text"": ""Apply 1 Sensor Glitch.""}]",18,18,"{""triggerChance"": 0.3, ""tiers"": {""A"": 55.0, ""B"": 30.0, ""C"": 12.0, ""D"": 3.0}}","{""outcomeWeights"": {""brick"": 0.5, ""rewrite"": 0.5}, ""brickBehavior"": ""Exhaust"", ""rewritePoolDefIds"": []}",
NC-009,Spoof Ping,Utility,2,Target Spoof,"[{""op"": ""RawText"", ""text"": ""Apply Target Spoof (next attack targets a random valid target).""}]",16,16,"{""triggerChance"": 0.32, ""tiers"": {""A"": 50.0, ""B"": 28.0, ""C"": 15.0, ""D"": 5.0, ""E"": 2.0}}","{""outcomeWeights"": {""brick"": 0.65, ""rewrite"": 0.35}, ""brickBehavior"": ""Exhaust"", ""rewritePoolDefIds"": []}",
NC-010,RAM Sip,Utility,0,,"[{""op"": ""RawText"", ""text"": ""Restore 3 RAM.""}]",20,20,"{""triggerChance"": 0.28, ""tiers"": {""A"": 60.0, ""B"": 30.0, ""C"": 10.0}}","{""outcomeWeights"": {""brick"": 0.5, ""rewrite"": 0.5}, ""brickBehavior"": ""Exhaust"", ""rewritePoolDefIds"": []}",
NC-011,RAM Cache,Utility,2,,"[{""op"": ""RawText"", ""text"": ""Gain 4 RAM.""}]",24,24,"{""triggerChance"": 0.25, ""tiers"": {""A"": 70.0, ""B"": 25.0, ""C"": 5.0}}","{""outcomeWeights"": {""brick"": 0.5, ""rewrite"": 0.5}, ""brickBehavior"": ""Exhaust"", ""rewritePoolDefIds"": []}",
NC-012,Stack Trace,Utility,2,,"[{""op"": ""DrawCards"", ""target"": ""Self"", ""amount"": 2}]",22,22,"{""triggerChance"": 0.27, ""tiers"": {""A"": 65.0, ""B"": 25.0, ""C"": 8.0, ""D"": 2.0}}","{""outcomeWeights"": {""brick"": 0.5, ""rewrite"": 0.5}, ""brickBehavior"": ""Exhaust"", ""rewritePoolDefIds"": []}",
NC-013,Reorder Buffer,Utility,2,,"[{""op"": ""DrawCards"", ""target"": ""Self"", ""amount"": 2}]",24,24,"{""triggerChance"": 0.24, ""tiers"": {""A"": 72.0, ""B"": 22.0, ""C"": 6.0}}","{""outcomeWeights"": {""brick"": 0.5, ""rewrite"": 0.5}, ""brickBehavior"": ""Exhaust"", ""rewritePoolDefIds"": []}",
NC-014,Shield Injector,Defense,2,Firewall,"[{""op"": ""RawText"", ""text"": ""Gain 6 Firewall. | The next card you play also grants +4 Firewall. Can be this turn or next.""}]",22,22,"{""triggerChance"": 0.25, ""tiers"": {""A"": 72.0, ""B"": 22.0, ""C"": 6.0}}","{""outcomeWeights"": {""brick"": 0.5, ""rewrite"": 0.5}, ""brickBehavior"": ""Exhaust"", ""rewritePoolDefIds"": []}",
NC-015,Overclock Ping,Utility,2,Overclocked,"[{""op"": ""RawText"", ""text"": ""Gain 1 Overclock.""}]",24,24,"{""triggerChance"": 0.24, ""tiers"": {""A"": 75.0, ""B"": 20.0, ""C"": 5.0}}","{""outcomeWeights"": {""brick"": 0.5, ""rewrite"": 0.5}, ""brickBehavior"": ""Exhaust"", ""rewritePoolDefIds"": []}",
NC-016,Hardening Routine,Defense,2,Firewall,"[{""op"": ""RawText"", ""text"": ""Gain 8 Firewall.""}]",26,26,"{""triggerChance"": 0.22, ""tiers"": {""A"": 82.0, ""B"": 14.0, ""C"": 4.0}}","{""outcomeWeights"": {""brick"": 0.5, ""rewrite"": 0.5}, ""brickBehavior"": ""Exhaust"", ""rewritePoolDefIds"": []}",
NC-017,Nano Drip,Support,2,Nanoflow,"[{""op"": ""RawText"", ""text"": ""Gain 6 Nanoflow (heal over time).""}]",22,22,"{""triggerChance"": 0.25, ""tiers"": {""A"": 75.0, ""B"": 20.0, ""C"": 5.0}}","{""outcomeWeights"": {""brick"": 0.5, ""rewrite"": 0.5}, ""brickBehavior"": ""Exhaust"", ""rewritePoolDefIds"": []}",
NC-018,Leak Tap,Attack,2,Leak,"[{""op"": ""RawText"", ""text"": ""Apply 4 Leak.""}]",20,20,"{""triggerChance"": 0.27, ""tiers"": {""A"": 68.0, ""B"": 22.0, ""C"": 8.0, ""D"": 2.0}}","{""outcomeWeights"": {""brick"": 0.5, ""rewrite"": 0.5}, ""brickBehavior"": ""Exhaust"", ""rewritePoolDefIds"": []}",
NC-019,Hook Script,Utility,1,,"[{""op"": ""DealDamage"", ""target"": ""Enemy"", ""amount"": 4}]",28,28,"{""triggerChance"": 0.2, ""tiers"": {""A"": 85.0, ""B"": 12.0, ""C"": 3.0}}","{""outcomeWeights"": {""brick"": 0.5, ""rewrite"": 0.5}, ""brickBehavior"": ""Exhaust"", ""rewritePoolDefIds"": []}",
NC-020,Focus Cycle,Utility,2,,"[{""op"": ""RawText"", ""text"": ""The next card you play costs -1 RAM (minimum 0).""}]",24,24,"{""triggerChance"": 0.24, ""tiers"": {""A"": 72.0, ""B"": 22.0, ""C"": 6.0}}","{""outcomeWeights"": {""brick"": 0.5, ""rewrite"": 0.5}, ""brickBehavior"": ""Exhaust"", ""rewritePoolDefIds"": []}",
NC-021,Cleanup,Utility,2,,"[{""op"": ""RawText"", ""text"": ""Place a card from your hand into Removed for this combat.""}]",20,20,"{""triggerChance"": 0.28, ""tiers"": {""A"": 60.0, ""B"": 25.0, ""C"": 12.0, ""D"": 3.0}}","{""outcomeWeights"": {""brick"": 0.35, ""rewrite"": 0.65}, ""brickBehavior"": ""Exhaust"", ""rewritePoolDefIds"": []}",
NC-022,Firewall Top-Up,Defense,2,Firewall,"[{""op"": ""RawText"", ""text"": ""Gain 8 Firewall.""}]",24,24,"{""triggerChance"": 0.23, ""tiers"": {""A"": 80.0, ""B"": 16.0, ""C"": 4.0}}","{""outcomeWeights"": {""brick"": 0.5, ""rewrite"": 0.5}, ""brickBehavior"": ""Exhaust"", ""rewritePoolDefIds"": []}",
NC-023,RAM Transfusion,Utility / tradeoff,0,,"[{""op"": ""RawText"", ""text"": ""Lose all RAM and heal by the amount spent.""}]",22,22,"{""triggerChance"": 0.25, ""tiers"": {""A"": 70.0, ""B"": 22.0, ""C"": 8.0}}","{""outcomeWeights"": {""brick"": 0.5, ""rewrite"": 0.5}, ""brickBehavior"": ""Exhaust"", ""rewritePoolDefIds"": []}",
NC-024,Blood Battery,Utility / tradeoff,0,,"[{""op"": ""RawText"", ""text"": ""Lose 5HP; restore 10 RAM""}]",16,16,"{""triggerChance"": 0.32, ""tiers"": {""A"": 55.0, ""B"": 28.0, ""C"": 12.0, ""D"": 5.0}}","{""outcomeWeights"": {""brick"": 0.65, ""rewrite"": 0.35}, ""brickBehavior"": ""Exhaust"", ""rewritePoolDefIds"": []}",
NC-025,Zero-Day Injector,Attack,2,Exploit;OneShot,"[{""op"": ""RawText"", ""text"": ""Deal 20 damage. One-Shot (after play, place into Removed for this combat).""}, {""op"": ""DealDamage"", ""target"": ""Enemy"", ""amount"": 20}]",16,16,"{""triggerChance"": 0.28, ""tiers"": {""A"": 38.0, ""B"": 28.0, ""C"": 20.0, ""D"": 10.0, ""E"": 4.0}}","{""outcomeWeights"": {""brick"": 0.5, ""rewrite"": 0.5}, ""brickBehavior"": ""Exhaust"", ""rewritePoolDefIds"": []}",
NC-026,Logic Bomb,Attack,1,Exploit;Volatile,"[{""op"": ""RawText"", ""text"": ""Deal 8 damage to ALL enemies. Volatile (if in hand at end of turn, place into Removed for this combat).""}]",22,22,"{""triggerChance"": 0.24, ""tiers"": {""A"": 55.0, ""B"": 28.0, ""C"": 14.0, ""D"": 3.0}}","{""outcomeWeights"": {""brick"": 0.5, ""rewrite"": 0.5}, ""brickBehavior"": ""Exhaust"", ""rewritePoolDefIds"": []}",
NC-027,Packet Spike,Attack,0,Exploit;Volatile,"[{""op"": ""RawText"", ""text"": ""Deal 5 damage. Draw 1. Volatile (if in hand at end of turn, place into Removed for this combat).""}, {""op"": ""DealDamage"", ""target"": ""Enemy"", ""amount"": 5}, {""op"": ""DrawCards"", ""target"": ""Self"", ""amount"": 1}]",28,28,"{""triggerChance"": 0.2, ""tiers"": {""A"": 68.0, ""B"": 22.0, ""C"": 8.0, ""D"": 2.0}}","{""outcomeWeights"": {""brick"": 0.5, ""rewrite"": 0.5}, ""brickBehavior"": ""Exhaust"", ""rewritePoolDefIds"": []}",
NC-028,Rootkit Stab,Attack,1,Exploit;OneShot,"[{""op"": ""RawText"", ""text"": ""Deal 11 damage. If the enemy has any debuff, deal +6 more. One-Shot (after play, place into Removed for this combat).""}]",18,18,"{""triggerChance"": 0.26, ""tiers"": {""A"": 50.0, ""B"": 28.0, ""C"": 15.0, ""D"": 5.0, ""E"": 2.0}}","{""outcomeWeights"": {""brick"": 0.5, ""rewrite"": 0.5}, ""brickBehavior"": ""Exhaust"", ""rewritePoolDefIds"": []}",
NC-029,Kill Switch,Attack,3,Exploit;OneShot;Tradeoff,"[{""op"": ""RawText"", ""text"": ""Deal 35 damage. Lose 6 HP. One-Shot (after play, place into Removed for this combat).""}]",12,12,"{""triggerChance"": 0.33, ""tiers"": {""A"": 22.0, ""B"": 28.0, ""C"": 25.0, ""D"": 15.0, ""E"": 8.0, ""F"": 2.0}}","{""outcomeWeights"": {""brick"": 0.65, ""rewrite"": 0.35}, ""brickBehavior"": ""Exhaust"", ""rewritePoolDefIds"": []}",
NC-030,Emergency Shield,Defense,0,Patch;Volatile,"[{""op"": ""RawText"", ""text"": ""Gain 8 Firewall. Volatile (if in hand at end of turn, place into Removed for this combat).""}]",24,24,"{""triggerChance"": 0.22, ""tiers"": {""A"": 62.0, ""B"": 25.0, ""C"": 10.0, ""D"": 3.0}}","{""outcomeWeights"": {""brick"": 0.5, ""rewrite"": 0.5}, ""brickBehavior"": ""Exhaust"", ""rewritePoolDefIds"": []}",
NC-031,Disposable Barrier,Defense,1,Patch;OneShot,"[{""op"": ""RawText"", ""text"": ""Gain 14 Firewall. One-Shot (after play, place into Removed for this combat).""}]",22,22,"{""triggerChance"": 0.24, ""tiers"": {""A"": 55.0, ""B"": 28.0, ""C"": 12.0, ""D"": 5.0}}","{""outcomeWeights"": {""brick"": 0.5, ""rewrite"": 0.5}, ""brickBehavior"": ""Exhaust"", ""rewritePoolDefIds"": []}",
NC-032,Failsafe Rollback,Defense,2,Patch;OneShot,"[{""op"": ""RawText"", ""text"": ""Gain 10 Firewall. Heal 6 HP. One-Shot (after play, place into Removed for this combat).""}]",18,18,"{""triggerChance"": 0.27, ""tiers"": {""A"": 45.0, ""B"": 28.0, ""C"": 18.0, ""D"": 7.0, ""E"": 2.0}}","{""outcomeWeights"": {""brick"": 0.5, ""rewrite"": 0.5}, ""brickBehavior"": ""Exhaust"", ""rewritePoolDefIds"": []}",
NC-033,Burn Notice,Utility,0,Exploit;Volatile,"[{""op"": ""RawText"", ""text"": ""Draw 2. Volatile (if in hand at end of turn, place into Removed for this combat).""}, {""op"": ""DrawCards"", ""target"": ""Self"", ""amount"": 2}]",20,20,"{""triggerChance"": 0.27, ""tiers"": {""A"": 52.0, ""B"": 28.0, ""C"": 14.0, ""D"": 4.0, ""E"": 2.0}}","{""outcomeWeights"": {""brick"": 0.5, ""rewrite"": 0.5}, ""brickBehavior"": ""Exhaust"", ""rewritePoolDefIds"": []}",
NC-034,Crash Dump,Utility,1,Exploit;Volatile,"[{""op"": ""RawText"", ""text"": ""Draw 3. Discard 1. Volatile (if in hand at end of turn, place into Removed for this combat).""}]",20,20,"{""triggerChance"": 0.26, ""tiers"": {""A"": 52.0, ""B"": 28.0, ""C"": 14.0, ""D"": 4.0, ""E"": 2.0}}","{""outcomeWeights"": {""brick"": 0.5, ""rewrite"": 0.5}, ""brickBehavior"": ""Exhaust"", ""rewritePoolDefIds"": []}",
NC-035,Exploit Kit,Utility,1,Exploit;OneShot,"[{""op"": ""RawText"", ""text"": ""The next Attack you play this turn costs 0 RAM and deals +6 damage. One-Shot (after play, place into Removed for this combat).""}]",18,18,"{""triggerChance"": 0.27, ""tiers"": {""A"": 48.0, ""B"": 28.0, ""C"": 16.0, ""D"": 6.0, ""E"": 2.0}}","{""outcomeWeights"": {""brick"": 0.5, ""rewrite"": 0.5}, ""brickBehavior"": ""Exhaust"", ""rewritePoolDefIds"": []}",
NC-036,Overclock Burst,Utility,0,Overclocked;OneShot;Tradeoff,"[{""op"": ""RawText"", ""text"": ""Gain +3 RAM this turn only. At end of turn, lose 5 HP. One-Shot (after play, place into Removed for this combat).""}]",14,14,"{""triggerChance"": 0.3, ""tiers"": {""A"": 38.0, ""B"": 28.0, ""C"": 20.0, ""D"": 10.0, ""E"": 4.0}}","{""outcomeWeights"": {""brick"": 0.5, ""rewrite"": 0.5}, ""brickBehavior"": ""Exhaust"", ""rewritePoolDefIds"": []}",
NC-037,Ghost Process,Utility,1,Exploit;Volatile,"[{""op"": ""RawText"", ""text"": ""Draw 1. Gain 6 Firewall. Volatile (if in hand at end of turn, place into Removed for this combat).""}, {""op"": ""DrawCards"", ""target"": ""Self"", ""amount"": 1}]",24,24,"{""triggerChance"": 0.23, ""tiers"": {""A"": 62.0, ""B"": 25.0, ""C"": 10.0, ""D"": 3.0}}","{""outcomeWeights"": {""brick"": 0.5, ""rewrite"": 0.5}, ""brickBehavior"": ""Exhaust"", ""rewritePoolDefIds"": []}",
NC-038,Blacksite Patch,Support,2,Patch;OneShot,"[{""op"": ""RawText"", ""text"": ""Heal 12 HP. You cannot Heal again this turn. One-Shot (after play, place into Removed for this combat).""}]",18,18,"{""triggerChance"": 0.27, ""tiers"": {""A"": 45.0, ""B"": 28.0, ""C"": 18.0, ""D"": 7.0, ""E"": 2.0}}","{""outcomeWeights"": {""brick"": 0.5, ""rewrite"": 0.5}, ""brickBehavior"": ""Exhaust"", ""rewritePoolDefIds"": []}",
NC-039,Data Wipe,Utility,2,Exploit;OneShot,"[{""op"": ""RawText"", ""text"": ""Discard your hand. Draw 4. One-Shot (after play, place into Removed for this combat).""}]",18,18,"{""triggerChance"": 0.26, ""tiers"": {""A"": 50.0, ""B"": 28.0, ""C"": 15.0, ""D"": 5.0, ""E"": 2.0}}","{""outcomeWeights"": {""brick"": 0.5, ""rewrite"": 0.5}, ""brickBehavior"": ""Exhaust"", ""rewritePoolDefIds"": []}",
NC-040,Deep Scan,Utility,1,Control;Scry,"[{""op"": ""RawText"", ""text"": ""Scry 3 (look at the top 3 cards of your draw pile; discard any number; put the rest back on top in any order).""}]",26,26,"{""triggerChance"": 0.22, ""tiers"": {""A"": 82.0, ""B"": 14.0, ""C"": 4.0}}","{""outcomeWeights"": {""brick"": 0.5, ""rewrite"": 0.5}, ""brickBehavior"": ""Exhaust"", ""rewritePoolDefIds"": []}",
NC-041,Packet Sniffer,Utility,0,Control;Scry,"[{""op"": ""RawText"", ""text"": ""Scry 2.""}]",30,30,"{""triggerChance"": 0.18, ""tiers"": {""A"": 88.0, ""B"": 10.0, ""C"": 2.0}}","{""outcomeWeights"": {""brick"": 0.5, ""rewrite"": 0.5}, ""brickBehavior"": ""Exhaust"", ""rewritePoolDefIds"": []}",
NC-042,Kernel Trace,Utility,2,Control;Scry,"[{""op"": ""RawText"", ""text"": ""Scry 6.""}]",22,22,"{""triggerChance"": 0.25, ""tiers"": {""A"": 72.0, ""B"": 20.0, ""C"": 6.0, ""D"": 2.0}}","{""outcomeWeights"": {""brick"": 0.5, ""rewrite"": 0.5}, ""brickBehavior"": ""Exhaust"", ""rewritePoolDefIds"": []}",
NC-043,Stack Reorder,Utility,1,Control;Topdeck,"[{""op"": ""RawText"", ""text"": ""Look at the top 5 cards of your draw pile. Put 2 back on top in any order. Discard the rest.""}]",20,20,"{""triggerChance"": 0.26, ""tiers"": {""A"": 68.0, ""B"": 22.0, ""C"": 8.0, ""D"": 2.0}}","{""outcomeWeights"": {""brick"": 0.5, ""rewrite"": 0.5}, ""brickBehavior"": ""Exhaust"", ""rewritePoolDefIds"": []}",
NC-044,Hot Swap,Utility,1,Control;Cycle,"[{""op"": ""RawText"", ""text"": ""Put 1 card from your hand on top of your draw pile. Draw 2.""}, {""op"": ""DrawCards"", ""amount"": 2}]",24,24,"{""triggerChance"": 0.24, ""tiers"": {""A"": 78.0, ""B"": 17.0, ""C"": 5.0}}","{""outcomeWeights"": {""brick"": 0.5, ""rewrite"": 0.5}, ""brickBehavior"": ""Exhaust"", ""rewritePoolDefIds"": []}",
NC-045,Cache Line,Utility,0,Control;Topdeck,"[{""op"": ""RawText"", ""text"": ""Put the leftmost card in your hand on top of your draw pile. Draw 1.""}, {""op"": ""DrawCards"", ""amount"": 1}]",28,28,"{""triggerChance"": 0.2, ""tiers"": {""A"": 85.0, ""B"": 12.0, ""C"": 3.0}}","{""outcomeWeights"": {""brick"": 0.5, ""rewrite"": 0.5}, ""brickBehavior"": ""Exhaust"", ""rewritePoolDefIds"": []}",
NC-046,Index Cache,Utility,1,Control;Retrieve;Topdeck,"[{""op"": ""RawText"", ""text"": ""Choose 1 card in your discard pile. Put it on top of your draw pile.""}]",22,22,"{""triggerChance"": 0.25, ""tiers"": {""A"": 72.0, ""B"": 20.0, ""C"": 6.0, ""D"": 2.0}}","{""outcomeWeights"": {""brick"": 0.5, ""rewrite"": 0.5}, ""brickBehavior"": ""Exhaust"", ""rewritePoolDefIds"": []}",
NC-047,Rapid Recompile,Utility,2,Control;Retrieve,"[{""op"": ""RawText"", ""text"": ""Choose 1 card in your discard pile. Add it to your hand.""}]",18,18,"{""triggerChance"": 0.28, ""tiers"": {""A"": 62.0, ""B"": 25.0, ""C"": 10.0, ""D"": 3.0}}","{""outcomeWeights"": {""brick"": 0.5, ""rewrite"": 0.5}, ""brickBehavior"": ""Exhaust"", ""rewritePoolDefIds"": []}",
NC-048,Garbage Collect,Utility,1,Control;Purge,"[{""op"": ""RawText"", ""text"": ""Remove up to 2 cards in your discard pile from combat (send them to Removed).""}]",24,24,"{""triggerChance"": 0.23, ""tiers"": {""A"": 78.0, ""B"": 16.0, ""C"": 5.0, ""D"": 1.0}}","{""outcomeWeights"": {""brick"": 0.35, ""rewrite"": 0.65}, ""brickBehavior"": ""Exhaust"", ""rewritePoolDefIds"": []}",
NC-049,Targeted Pull,Utility,2,Control;Tutor,"[{""op"": ""RawText"", ""text"": ""Search your draw pile for an Attack card. Add it to your hand. Shuffle.""}]",18,18,"{""triggerChance"": 0.28, ""tiers"": {""A"": 58.0, ""B"": 25.0, ""C"": 12.0, ""D"": 5.0}}","{""outcomeWeights"": {""brick"": 0.5, ""rewrite"": 0.5}, ""brickBehavior"": ""Exhaust"", ""rewritePoolDefIds"": []}",
NC-050,Patch Finder,Support,2,Control;Tutor,"[{""op"": ""RawText"", ""text"": ""Search your draw pile for a Support card. Add it to your hand. Shuffle.""}]",18,18,"{""triggerChance"": 0.28, ""tiers"": {""A"": 58.0, ""B"": 25.0, ""C"": 12.0, ""D"": 5.0}}","{""outcomeWeights"": {""brick"": 0.5, ""rewrite"": 0.5}, ""brickBehavior"": ""Exhaust"", ""rewritePoolDefIds"": []}",
NC-051,Firewall Lookup,Defense,2,Control;Tutor,"[{""op"": ""RawText"", ""text"": ""Search your draw pile for a Defense card. Add it to your hand. Shuffle.""}]",20,20,"{""triggerChance"": 0.26, ""tiers"": {""A"": 65.0, ""B"": 22.0, ""C"": 10.0, ""D"": 3.0}}","{""outcomeWeights"": {""brick"": 0.5, ""rewrite"": 0.5}, ""brickBehavior"": ""Exhaust"", ""rewritePoolDefIds"": []}",
NC-052,Wildcard Query,Utility,3,Control;Tutor,"[{""op"": ""RawText"", ""text"": ""Search your draw pile for any card. Add it to your hand. Shuffle.""}]",14,14,"{""triggerChance"": 0.32, ""tiers"": {""A"": 45.0, ""B"": 28.0, ""C"": 18.0, ""D"": 7.0, ""E"": 2.0}}","{""outcomeWeights"": {""brick"": 0.65, ""rewrite"": 0.35}, ""brickBehavior"": ""Exhaust"", ""rewritePoolDefIds"": []}",
NC-053,Defrag,Utility,1,Control;Shuffle,"[{""op"": ""RawText"", ""text"": ""Shuffle your discard pile into your draw pile. Draw 1.""}, {""op"": ""DrawCards"", ""amount"": 1}]",24,24,"{""triggerChance"": 0.24, ""tiers"": {""A"": 75.0, ""B"": 18.0, ""C"": 5.0, ""D"": 2.0}}","{""outcomeWeights"": {""brick"": 0.5, ""rewrite"": 0.5}, ""brickBehavior"": ""Exhaust"", ""rewritePoolDefIds"": []}",
NC-054,Cold Boot,Utility,0,Control;Shuffle,"[{""op"": ""RawText"", ""text"": ""Shuffle your hand into your draw pile. Draw 5.""}, {""op"": ""DrawCards"", ""amount"": 5}]",16,16,"{""triggerChance"": 0.28, ""tiers"": {""A"": 55.0, ""B"": 28.0, ""C"": 12.0, ""D"": 5.0}}","{""outcomeWeights"": {""brick"": 0.5, ""rewrite"": 0.5}, ""brickBehavior"": ""Exhaust"", ""rewritePoolDefIds"": []}",
NC-055,Selective Buffer,Utility,1,Control;Filter,"[{""op"": ""RawText"", ""text"": ""Draw 2. Discard 1.""}, {""op"": ""DrawCards"", ""amount"": 2}]",26,26,"{""triggerChance"": 0.22, ""tiers"": {""A"": 80.0, ""B"": 15.0, ""C"": 5.0}}","{""outcomeWeights"": {""brick"": 0.5, ""rewrite"": 0.5}, ""brickBehavior"": ""Exhaust"", ""rewritePoolDefIds"": []}",
NC-056,Commit / Revert,Utility,1,Control;Filter,"[{""op"": ""RawText"", ""text"": ""Discard up to 2 cards. Then draw that many cards.""}]",26,26,"{""triggerChance"": 0.22, ""tiers"": {""A"": 78.0, ""B"": 16.0, ""C"": 5.0, ""D"": 1.0}}","{""outcomeWeights"": {""brick"": 0.5, ""rewrite"": 0.5}, ""brickBehavior"": ""Exhaust"", ""rewritePoolDefIds"": []}",
NC-057,Priority Interrupt,Utility,0,Control;Topdeck,"[{""op"": ""RawText"", ""text"": ""Look at the top card of your draw pile. You may discard it. Otherwise, draw it.""}, {""op"": ""DrawCards"", ""amount"": 1}]",30,30,"{""triggerChance"": 0.18, ""tiers"": {""A"": 88.0, ""B"": 10.0, ""C"": 2.0}}","{""outcomeWeights"": {""brick"": 0.5, ""rewrite"": 0.5}, ""brickBehavior"": ""Exhaust"", ""rewritePoolDefIds"": []}",
NC-058,Daemon Thread,Support,2,Power;RAM,"[{""op"": ""RawText"", ""text"": ""POWER: At the start of your turn, gain +1 RAM.""}]",16,16,"{""triggerChance"": 0.28, ""tiers"": {""A"": 50.0, ""B"": 28.0, ""C"": 15.0, ""D"": 5.0, ""E"": 2.0}}","{""outcomeWeights"": {""brick"": 0.5, ""rewrite"": 0.5}, ""brickBehavior"": ""Exhaust"", ""rewritePoolDefIds"": []}",
NC-059,Adaptive Firewall,Defense,2,Power;Firewall,"[{""op"": ""RawText"", ""text"": ""POWER: At the end of your turn, gain 3 Firewall.""}]",18,18,"{""triggerChance"": 0.26, ""tiers"": {""A"": 58.0, ""B"": 25.0, ""C"": 12.0, ""D"": 5.0}}","{""outcomeWeights"": {""brick"": 0.5, ""rewrite"": 0.5}, ""brickBehavior"": ""Exhaust"", ""rewritePoolDefIds"": []}",
NC-060,Packet Leech,Support,1,Power;Debuff,"[{""op"": ""RawText"", ""text"": ""POWER: Whenever you apply a Debuff, deal 3 damage to that enemy.""}]",22,22,"{""triggerChance"": 0.24, ""tiers"": {""A"": 68.0, ""B"": 22.0, ""C"": 8.0, ""D"": 2.0}}","{""outcomeWeights"": {""brick"": 0.5, ""rewrite"": 0.5}, ""brickBehavior"": ""Exhaust"", ""rewritePoolDefIds"": []}",
NC-061,Signal Amplifier,Support,1,Power;Draw,"[{""op"": ""RawText"", ""text"": ""POWER: The first time you draw each turn, draw 1 additional card.""}]",14,14,"{""triggerChance"": 0.3, ""tiers"": {""A"": 55.0, ""B"": 28.0, ""C"": 12.0, ""D"": 5.0}}","{""outcomeWeights"": {""brick"": 0.5, ""rewrite"": 0.5}, ""brickBehavior"": ""Exhaust"", ""rewritePoolDefIds"": []}",
NC-062,Heat Sink,Defense,1,Power;Firewall,"[{""op"": ""RawText"", ""text"": ""POWER: The first time each turn you gain Firewall, gain +2 additional Firewall.""}]",18,18,"{""triggerChance"": 0.27, ""tiers"": {""A"": 62.0, ""B"": 25.0, ""C"": 10.0, ""D"": 3.0}}","{""outcomeWeights"": {""brick"": 0.5, ""rewrite"": 0.5}, ""brickBehavior"": ""Exhaust"", ""rewritePoolDefIds"": []}",
NC-063,Backdoor Cache,Support,1,Power;RAM,"[{""op"": ""RawText"", ""text"": ""POWER: Whenever you play an Attack, gain 1 RAM.""}]",16,16,"{""triggerChance"": 0.28, ""tiers"": {""A"": 55.0, ""B"": 28.0, ""C"": 12.0, ""D"": 5.0}}","{""outcomeWeights"": {""brick"": 0.5, ""rewrite"": 0.5}, ""brickBehavior"": ""Exhaust"", ""rewritePoolDefIds"": []}",
NC-064,Patch Scheduler,Support,2,Power;Healing,"[{""op"": ""RawText"", ""text"": ""POWER: At end of turn, if you did not take damage this turn, heal 3 HP.""}]",22,22,"{""triggerChance"": 0.24, ""tiers"": {""A"": 65.0, ""B"": 22.0, ""C"": 10.0, ""D"": 3.0}}","{""outcomeWeights"": {""brick"": 0.5, ""rewrite"": 0.5}, ""brickBehavior"": ""Exhaust"", ""rewritePoolDefIds"": []}",
NC-065,Exploit Collector,Support,2,Power;Setup,"[{""op"": ""RawText"", ""text"": ""POWER: When you play a One-Shot or Volatile card, draw 1.""}]",18,18,"{""triggerChance"": 0.26, ""tiers"": {""A"": 60.0, ""B"": 25.0, ""C"": 10.0, ""D"": 5.0}}","{""outcomeWeights"": {""brick"": 0.5, ""rewrite"": 0.5}, ""brickBehavior"": ""Exhaust"", ""rewritePoolDefIds"": []}",
NC-066,Killchain Protocol,Support,3,Power;Attack,"[{""op"": ""RawText"", ""text"": ""POWER: The first time each turn you deal damage, deal +6 additional damage to that target.""}]",12,12,"{""triggerChance"": 0.32, ""tiers"": {""A"": 45.0, ""B"": 28.0, ""C"": 16.0, ""D"": 8.0, ""E"": 3.0}}","{""outcomeWeights"": {""brick"": 0.5, ""rewrite"": 0.5}, ""brickBehavior"": ""Exhaust"", ""rewritePoolDefIds"": []}",
NC-067,Quarantine Routine,Support,2,Power;Cleanse,"[{""op"": ""RawText"", ""text"": ""POWER: At the start of your turn, remove 1 Debuff from yourself.""}]",22,22,"{""triggerChance"": 0.22, ""tiers"": {""A"": 72.0, ""B"": 20.0, ""C"": 6.0, ""D"": 2.0}}","{""outcomeWeights"": {""brick"": 0.5, ""rewrite"": 0.5}, ""brickBehavior"": ""Exhaust"", ""rewritePoolDefIds"": []}",
NC-068,Memory Compression,Support,1,Power;Hand,"[{""op"": ""RawText"", ""text"": ""POWER: At end of turn, you may keep 1 card in your hand (it is not discarded).""}]",16,16,"{""triggerChance"": 0.28, ""tiers"": {""A"": 58.0, ""B"": 25.0, ""C"": 12.0, ""D"": 5.0}}","{""outcomeWeights"": {""brick"": 0.5, ""rewrite"": 0.5}, ""brickBehavior"": ""Exhaust"", ""rewritePoolDefIds"": []}",
NC-069,Recursive Loop,Support,2,Power;Deck,"[{""op"": ""RawText"", ""text"": ""POWER: At end of turn, put the top card of your discard pile on top of your draw pile.""}]",18,18,"{""triggerChance"": 0.26, ""tiers"": {""A"": 60.0, ""B"": 25.0, ""C"": 10.0, ""D"": 5.0}}","{""outcomeWeights"": {""brick"": 0.5, ""rewrite"": 0.5}, ""brickBehavior"": ""Exhaust"", ""rewritePoolDefIds"": []}",
NC-070,Dark Web Broker,Support,2,Power;Economy,"[{""op"": ""RawText"", ""text"": ""POWER: When you defeat an enemy, gain +10 Credits.""}]",14,14,"{""triggerChance"": 0.3, ""tiers"": {""A"": 50.0, ""B"": 28.0, ""C"": 14.0, ""D"": 6.0, ""E"": 2.0}}","{""outcomeWeights"": {""brick"": 0.65, ""rewrite"": 0.35}, ""brickBehavior"": ""Exhaust"", ""rewritePoolDefIds"": []}",
NC-071,System Watchdog,Support,1,Power;Control,"[{""op"": ""RawText"", ""text"": ""POWER: The first time an enemy intends to heal, cancel that heal.""}]",22,22,"{""triggerChance"": 0.23, ""tiers"": {""A"": 72.0, ""B"": 20.0, ""C"": 6.0, ""D"": 2.0}}","{""outcomeWeights"": {""brick"": 0.5, ""rewrite"": 0.5}, ""brickBehavior"": ""Exhaust"", ""rewritePoolDefIds"": []}",
NC-072,I/O Prioritiser,Support,2,Power;Draw,"[{""op"": ""RawText"", ""text"": ""POWER: At the start of your turn, if your hand is empty, draw 2.""}]",20,20,"{""triggerChance"": 0.25, ""tiers"": {""A"": 62.0, ""B"": 25.0, ""C"": 10.0, ""D"": 3.0}}","{""outcomeWeights"": {""brick"": 0.5, ""rewrite"": 0.5}, ""brickBehavior"": ""Exhaust"", ""rewritePoolDefIds"": []}",
NC-073,RAM Lance,Attack,0,XCost;Exploit,"[{""op"": ""RawText"", ""text"": ""Spend all remaining RAM. Deal 6 damage per RAM spent.""}]",18,18,"{""triggerChance"": 0.28, ""tiers"": {""A"": 42.0, ""B"": 28.0, ""C"": 18.0, ""D"": 8.0, ""E"": 4.0}}","{""outcomeWeights"": {""brick"": 0.5, ""rewrite"": 0.5}, ""brickBehavior"": ""Exhaust"", ""rewritePoolDefIds"": []}",
NC-074,Broadcast Surge,Attack,0,XCost;Exploit;AOE,"[{""op"": ""RawText"", ""text"": ""Spend all remaining RAM. Deal 3 damage to ALL enemies per RAM spent.""}]",20,20,"{""triggerChance"": 0.26, ""tiers"": {""A"": 52.0, ""B"": 25.0, ""C"": 14.0, ""D"": 7.0, ""E"": 2.0}}","{""outcomeWeights"": {""brick"": 0.5, ""rewrite"": 0.5}, ""brickBehavior"": ""Exhaust"", ""rewritePoolDefIds"": []}",
NC-075,Dynamic Firewall,Defense,0,XCost;Firewall,"[{""op"": ""RawText"", ""text"": ""Spend all remaining RAM. Gain 4 Firewall per RAM spent.""}]",24,24,"{""triggerChance"": 0.24, ""tiers"": {""A"": 62.0, ""B"": 22.0, ""C"": 10.0, ""D"": 4.0, ""E"": 2.0}}","{""outcomeWeights"": {""brick"": 0.5, ""rewrite"": 0.5}, ""brickBehavior"": ""Exhaust"", ""rewritePoolDefIds"": []}",
NC-076,Adaptive Countermeasure,Attack,0,XCost;Hybrid,"[{""op"": ""RawText"", ""text"": ""Spend all remaining RAM. For each RAM spent: Deal 3 damage and gain 3 Firewall.""}]",16,16,"{""triggerChance"": 0.3, ""tiers"": {""A"": 38.0, ""B"": 28.0, ""C"": 20.0, ""D"": 10.0, ""E"": 4.0}}","{""outcomeWeights"": {""brick"": 0.5, ""rewrite"": 0.5}, ""brickBehavior"": ""Exhaust"", ""rewritePoolDefIds"": []}",
NC-077,Nanite Flood,Support,0,XCost;Heal,"[{""op"": ""RawText"", ""text"": ""Spend all remaining RAM. Heal 2 HP per RAM spent.""}]",22,22,"{""triggerChance"": 0.25, ""tiers"": {""A"": 60.0, ""B"": 22.0, ""C"": 12.0, ""D"": 4.0, ""E"": 2.0}}","{""outcomeWeights"": {""brick"": 0.5, ""rewrite"": 0.5}, ""brickBehavior"": ""Exhaust"", ""rewritePoolDefIds"": []}",
NC-078,Burst Read,Utility,0,XCost;Draw,"[{""op"": ""RawText"", ""text"": ""Spend all remaining RAM. Draw 1 card per RAM spent (max 6).""}]",16,16,"{""triggerChance"": 0.3, ""tiers"": {""A"": 48.0, ""B"": 28.0, ""C"": 15.0, ""D"": 7.0, ""E"": 2.0}}","{""outcomeWeights"": {""brick"": 0.5, ""rewrite"": 0.5}, ""brickBehavior"": ""Exhaust"", ""rewritePoolDefIds"": []}",
NC-079,Cache Investment,Utility,0,XCost;Setup,"[{""op"": ""RawText"", ""text"": ""Spend all remaining RAM. Next turn, gain 1 RAM per RAM spent.""}]",14,14,"{""triggerChance"": 0.32, ""tiers"": {""A"": 32.0, ""B"": 28.0, ""C"": 22.0, ""D"": 12.0, ""E"": 6.0}}","{""outcomeWeights"": {""brick"": 0.65, ""rewrite"": 0.35}, ""brickBehavior"": ""Exhaust"", ""rewritePoolDefIds"": []}",
NC-080,Thread Allocation,Utility,0,XCost;Setup,"[{""op"": ""RawText"", ""text"": ""Spend all remaining RAM. Add 1 temporary 'Thread' (0 RAM: Deal 2, Draw 1) to your hand per RAM spent. Threads Exhaust.""}]",18,18,"{""triggerChance"": 0.27, ""tiers"": {""A"": 45.0, ""B"": 28.0, ""C"": 16.0, ""D"": 8.0, ""E"": 3.0}}","{""outcomeWeights"": {""brick"": 0.5, ""rewrite"": 0.5}, ""brickBehavior"": ""Exhaust"", ""rewritePoolDefIds"": []}",
NC-081,Throttle Protocol,Utility,0,XCost;Control,"[{""op"": ""RawText"", ""text"": ""Spend all remaining RAM. Apply 1 stack of THROTTLED to a target enemy per RAM spent.""}]",22,22,"{""triggerChance"": 0.24, ""tiers"": {""A"": 60.0, ""B"": 22.0, ""C"": 12.0, ""D"": 4.0, ""E"": 2.0}}","{""outcomeWeights"": {""brick"": 0.5, ""rewrite"": 0.5}, ""brickBehavior"": ""Exhaust"", ""rewritePoolDefIds"": []}",
NC-082,Packet Leech,Attack,0,XCost;DebuffSynergy,"[{""op"": ""RawText"", ""text"": ""Spend all remaining RAM. Deal 4 damage per RAM spent. If the target has any debuff, gain 1 RAM back per 2 RAM spent (rounded down).""}]",16,16,"{""triggerChance"": 0.3, ""tiers"": {""A"": 38.0, ""B"": 28.0, ""C"": 20.0, ""D"": 10.0, ""E"": 4.0}}","{""outcomeWeights"": {""brick"": 0.5, ""rewrite"": 0.5}, ""brickBehavior"": ""Exhaust"", ""rewritePoolDefIds"": []}",
NC-083,Emergency Reimage,Defense,0,XCost;Tradeoff,"[{""op"": ""RawText"", ""text"": ""Spend all remaining RAM. Gain 7 Firewall per RAM spent. At end of turn, lose 1 HP per RAM spent.""}]",14,14,"{""triggerChance"": 0.32, ""tiers"": {""A"": 28.0, ""B"": 28.0, ""C"": 22.0, ""D"": 14.0, ""E"": 8.0}}","{""outcomeWeights"": {""brick"": 0.5, ""rewrite"": 0.5}, ""brickBehavior"": ""Exhaust"", ""rewritePoolDefIds"": []}",
NC-084,Hard Reset,Utility,0,XCost;Purge,"[{""op"": ""RawText"", ""text"": ""Spend all remaining RAM. Remove (Exhaust) 1 random non-core card from your hand per RAM spent. Draw that many cards.""}]",14,14,"{""triggerChance"": 0.3, ""tiers"": {""A"": 35.0, ""B"": 28.0, ""C"": 22.0, ""D"": 10.0, ""E"": 5.0}}","{""outcomeWeights"": {""brick"": 0.65, ""rewrite"": 0.35}, ""brickBehavior"": ""Exhaust"", ""rewritePoolDefIds"": []}",
NC-085,Dazed Packet,Status,0,Status;Junk,"[{""op"": ""RawText"", ""text"": ""No effect. At end of turn: place this into Removed (auto-purged).""}]",6,6,"{""triggerChance"": 0.4, ""tiers"": {""A"": 60.0, ""B"": 25.0, ""C"": 15.0}}","{""outcomeWeights"": {""brick"": 0.2, ""rewrite"": 0.8}, ""brickBehavior"": ""Exhaust"", ""rewritePoolDefIds"": []}",
NC-086,Burn Stack,Status,0,Status;Junk,"[{""op"": ""RawText"", ""text"": ""At end of turn: take 2 damage. Then place this into Discard.""}]",8,8,"{""triggerChance"": 0.38, ""tiers"": {""A"": 55.0, ""B"": 28.0, ""C"": 12.0, ""D"": 5.0}}","{""outcomeWeights"": {""brick"": 0.2, ""rewrite"": 0.8}, ""brickBehavior"": ""Exhaust"", ""rewritePoolDefIds"": []}",
NC-087,Wound Fragment,Status,0,Status;Junk,"[{""op"": ""RawText"", ""text"": ""Unplayable. If drawn: take 1 damage. (Stays in deck unless removed.)""}]",12,12,"{""triggerChance"": 0.35, ""tiers"": {""A"": 62.0, ""B"": 22.0, ""C"": 12.0, ""D"": 4.0}}","{""outcomeWeights"": {""brick"": 0.8, ""rewrite"": 0.2}, ""brickBehavior"": ""Exhaust"", ""rewritePoolDefIds"": []}",
NC-088,Trace Beacon,Status,0,Status;Junk;Debuff,"[{""op"": ""RawText"", ""text"": ""While in hand: enemies deal +1 damage to you. At end of turn: discard this.""}]",7,7,"{""triggerChance"": 0.4, ""tiers"": {""A"": 50.0, ""B"": 28.0, ""C"": 15.0, ""D"": 7.0}}","{""outcomeWeights"": {""brick"": 0.2, ""rewrite"": 0.8}, ""brickBehavior"": ""Exhaust"", ""rewritePoolDefIds"": []}",
NC-089,Malware Stub,Status,0,Status;Junk,"[{""op"": ""RawText"", ""text"": ""At start of your turn: lose 1 RAM this turn only. Then discard this.""}]",7,7,"{""triggerChance"": 0.38, ""tiers"": {""A"": 55.0, ""B"": 28.0, ""C"": 12.0, ""D"": 5.0}}","{""outcomeWeights"": {""brick"": 0.2, ""rewrite"": 0.8}, ""brickBehavior"": ""Exhaust"", ""rewritePoolDefIds"": []}",
NC-090,Null Pointer,Status,0,Status;Junk,"[{""op"": ""RawText"", ""text"": ""If you play a card while this is in hand: take 2 damage, then discard this.""}]",7,7,"{""triggerChance"": 0.4, ""tiers"": {""A"": 48.0, ""B"": 30.0, ""C"": 15.0, ""D"": 7.0}}","{""outcomeWeights"": {""brick"": 0.2, ""rewrite"": 0.8}, ""brickBehavior"": ""Exhaust"", ""rewritePoolDefIds"": []}",
NC-091,Overheat,Status,0,Status;Junk,"[{""op"": ""RawText"", ""text"": ""Unplayable. End of turn: lose 4 Firewall (if any), then discard this.""}]",9,9,"{""triggerChance"": 0.35, ""tiers"": {""A"": 60.0, ""B"": 25.0, ""C"": 12.0, ""D"": 3.0}}","{""outcomeWeights"": {""brick"": 0.2, ""rewrite"": 0.8}, ""brickBehavior"": ""Exhaust"", ""rewritePoolDefIds"": []}",
NC-092,Corrupted Sector,Status,0,Status;Junk,"[{""op"": ""RawText"", ""text"": ""Unplayable. When drawn: discard a random card from hand.""}]",9,9,"{""triggerChance"": 0.35, ""tiers"": {""A"": 55.0, ""B"": 28.0, ""C"": 12.0, ""D"": 5.0}}","{""outcomeWeights"": {""brick"": 0.2, ""rewrite"": 0.8}, ""brickBehavior"": ""Exhaust"", ""rewritePoolDefIds"": []}",
NC-093,Malware Seeder,Attack,1,Exploit;StatusGen,"[{""op"": ""DealDamage"", ""target"": ""Enemy"", ""amount"": 9}, {""op"": ""RawText"", ""text"": ""Add 1 Malware Stub into your Discard.""}]",20,20,"{""triggerChance"": 0.26, ""tiers"": {""A"": 55.0, ""B"": 25.0, ""C"": 14.0, ""D"": 6.0}}","{""outcomeWeights"": {""brick"": 0.5, ""rewrite"": 0.5}, ""brickBehavior"": ""Exhaust"", ""rewritePoolDefIds"": []}",
NC-094,Trace Spoofer,Utility,1,Control;StatusGen,"[{""op"": ""RawText"", ""text"": ""Add 1 Trace Beacon into your Discard. Gain 8 Firewall.""}]",22,22,"{""triggerChance"": 0.24, ""tiers"": {""A"": 62.0, ""B"": 22.0, ""C"": 10.0, ""D"": 6.0}}","{""outcomeWeights"": {""brick"": 0.5, ""rewrite"": 0.5}, ""brickBehavior"": ""Exhaust"", ""rewritePoolDefIds"": []}",
NC-095,Heat Burst,Attack,0,AOE;StatusGen,"[{""op"": ""RawText"", ""text"": ""Deal 5 damage to ALL enemies. Add 1 Overheat into your Discard.""}]",16,16,"{""triggerChance"": 0.3, ""tiers"": {""A"": 48.0, ""B"": 28.0, ""C"": 15.0, ""D"": 7.0, ""E"": 2.0}}","{""outcomeWeights"": {""brick"": 0.5, ""rewrite"": 0.5}, ""brickBehavior"": ""Exhaust"", ""rewritePoolDefIds"": []}",
NC-096,Unsafe Cache,Utility,0,Draw;StatusGen,"[{""op"": ""DrawCards"", ""target"": ""Self"", ""amount"": 3}, {""op"": ""RawText"", ""text"": ""Add 1 Corrupted Sector into your Discard.""}]",14,14,"{""triggerChance"": 0.32, ""tiers"": {""A"": 42.0, ""B"": 28.0, ""C"": 18.0, ""D"": 8.0, ""E"": 4.0}}","{""outcomeWeights"": {""brick"": 0.5, ""rewrite"": 0.5}, ""brickBehavior"": ""Exhaust"", ""rewritePoolDefIds"": []}",
NC-097,Packet Flood,Utility,1,Cycle;StatusGen,"[{""op"": ""DrawCards"", ""target"": ""Self"", ""amount"": 2}, {""op"": ""RawText"", ""text"": ""Add 2 Dazed Packets into your Discard.""}]",18,18,"{""triggerChance"": 0.28, ""tiers"": {""A"": 52.0, ""B"": 25.0, ""C"": 14.0, ""D"": 7.0, ""E"": 2.0}}","{""outcomeWeights"": {""brick"": 0.5, ""rewrite"": 0.5}, ""brickBehavior"": ""Exhaust"", ""rewritePoolDefIds"": []}",
NC-098,Controlled Burn,Support,1,Heal;Tradeoff;StatusGen,"[{""op"": ""RawText"", ""text"": ""Heal 8 HP. Add 1 Burn Stack into your Discard.""}]",20,20,"{""triggerChance"": 0.26, ""tiers"": {""A"": 58.0, ""B"": 22.0, ""C"": 12.0, ""D"": 6.0, ""E"": 2.0}}","{""outcomeWeights"": {""brick"": 0.5, ""rewrite"": 0.5}, ""brickBehavior"": ""Exhaust"", ""rewritePoolDefIds"": []}",
NC-099,Garbage Collector+,Utility,1,Purge;Cleanup,"[{""op"": ""RawText"", ""text"": ""Remove up to 2 Status/Junk cards from your hand or discard (place into Removed). Draw 1.""}, {""op"": ""DrawCards"", ""target"": ""Self"", ""amount"": 1}]",24,24,"{""triggerChance"": 0.2, ""tiers"": {""A"": 75.0, ""B"": 18.0, ""C"": 5.0, ""D"": 2.0}}","{""outcomeWeights"": {""brick"": 0.35, ""rewrite"": 0.65}, ""brickBehavior"": ""Exhaust"", ""rewritePoolDefIds"": []}",
NC-100,System Quarantine,Defense,2,Firewall;Cleanup,"[{""op"": ""RawText"", ""text"": ""Gain 18 Firewall. If you have any Status/Junk in hand, place 1 of them into Removed.""}]",26,26,"{""triggerChance"": 0.2, ""tiers"": {""A"": 78.0, ""B"": 16.0, ""C"": 4.0, ""D"": 2.0}}","{""outcomeWeights"": {""brick"": 0.35, ""rewrite"": 0.65}, ""brickBehavior"": ""Exhaust"", ""rewritePoolDefIds"": []}",
NC-101,Deep Clean,Support,2,Cleanup;Stabilise,"[{""op"": ""RawText"", ""text"": ""Remove 1 Status/Junk from your Discard (place into Removed). Heal 6 HP. Restore 2 RAM.""}]",24,24,"{""triggerChance"": 0.22, ""tiers"": {""A"": 72.0, ""B"": 20.0, ""C"": 6.0, ""D"": 2.0}}","{""outcomeWeights"": {""brick"": 0.35, ""rewrite"": 0.65}, ""brickBehavior"": ""Exhaust"", ""rewritePoolDefIds"": []}",
NC-102,Panic Purge,Utility,0,Cleanup;Emergency,"[{""op"": ""RawText"", ""text"": ""Place ALL Status/Junk cards in your hand into Removed. Then draw that many cards.""}]",12,12,"{""triggerChance"": 0.32, ""tiers"": {""A"": 48.0, ""B"": 28.0, ""C"": 15.0, ""D"": 7.0, ""E"": 2.0}}","{""outcomeWeights"": {""brick"": 0.5, ""rewrite"": 0.5}, ""brickBehavior"": ""Exhaust"", ""rewritePoolDefIds"": []}",
NC-103,Breach Charge,Attack,1,Firewall;Breach,"[{""op"": ""RawText"", ""text"": ""Strip 10 Firewall. Deal 7 damage.""}]",22,22,"{""triggerChance"": 0.24, ""tiers"": {""A"": 62.0, ""B"": 24.0, ""C"": 10.0, ""D"": 4.0}}","{""outcomeWeights"": {""brick"": 0.5, ""rewrite"": 0.5}, ""brickBehavior"": ""Exhaust"", ""rewritePoolDefIds"": []}",
NC-104,Firewall Crash,Attack,1,Firewall;Finisher,"[{""op"": ""RawText"", ""text"": ""Lose all Firewall. Deal that much damage.""}]",20,20,"{""triggerChance"": 0.26, ""tiers"": {""A"": 58.0, ""B"": 24.0, ""C"": 12.0, ""D"": 6.0}}","{""outcomeWeights"": {""brick"": 0.5, ""rewrite"": 0.5}, ""brickBehavior"": ""Exhaust"", ""rewritePoolDefIds"": []}",
UC-001,Heavy Shot,Attack,3,,"[{""op"": ""DealDamage"", ""target"": ""Enemy"", ""amount"": 18}]",18,18,"{""triggerChance"": 0.28, ""tiers"": {""A"": 60.0, ""B"": 28.0, ""C"": 10.0, ""D"": 2.0}}","{""outcomeWeights"": {""brick"": 0.5, ""rewrite"": 0.5}, ""brickBehavior"": ""Exhaust"", ""rewritePoolDefIds"": []}",
UC-002,Chain Bolt,Attack,3,Exposed Ports,"[{""op"": ""DealDamage"", ""target"": ""Enemy"", ""amount"": 12}]",20,20,"{""triggerChance"": 0.26, ""tiers"": {""A"": 68.0, ""B"": 22.0, ""C"": 8.0, ""D"": 2.0}}","{""outcomeWeights"": {""brick"": 0.5, ""rewrite"": 0.5}, ""brickBehavior"": ""Exhaust"", ""rewritePoolDefIds"": []}",
UC-003,Firewall Mesh,Defense,3,Firewall,"[{""op"": ""RawText"", ""text"": ""Gain 18 Firewall.""}]",22,22,"{""triggerChance"": 0.24, ""tiers"": {""A"": 75.0, ""B"": 18.0, ""C"": 5.0, ""D"": 2.0}}","{""outcomeWeights"": {""brick"": 0.5, ""rewrite"": 0.5}, ""brickBehavior"": ""Exhaust"", ""rewritePoolDefIds"": []}",
UC-004,Firewall Bank,Defense,3,Firewall,"[{""op"": ""RawText"", ""text"": ""Gain 12 Firewall. | Next turn, gain 6 Firewall.""}]",24,24,"{""triggerChance"": 0.22, ""tiers"": {""A"": 78.0, ""B"": 17.0, ""C"": 5.0}}","{""outcomeWeights"": {""brick"": 0.5, ""rewrite"": 0.5}, ""brickBehavior"": ""Exhaust"", ""rewritePoolDefIds"": []}",
UC-005,Emergency Patch,Support,3,Nanoflow,"[{""op"": ""RawText"", ""text"": ""Heal 18 HP.""}]",18,18,"{""triggerChance"": 0.28, ""tiers"": {""A"": 65.0, ""B"": 25.0, ""C"": 8.0, ""D"": 2.0}}","{""outcomeWeights"": {""brick"": 0.5, ""rewrite"": 0.5}, ""brickBehavior"": ""Exhaust"", ""rewritePoolDefIds"": []}",
UC-006,Nano Surge,Support,3,Nanoflow,"[{""op"": ""RawText"", ""text"": ""Gain 14 Nanoflow.""}]",18,18,"{""triggerChance"": 0.27, ""tiers"": {""A"": 68.0, ""B"": 22.0, ""C"": 8.0, ""D"": 2.0}}","{""outcomeWeights"": {""brick"": 0.5, ""rewrite"": 0.5}, ""brickBehavior"": ""Exhaust"", ""rewritePoolDefIds"": []}",
UC-007,RAM Burst,Utility,2,,"[{""op"": ""RawText"", ""text"": ""Gain 4 RAM.""}]",18,18,"{""triggerChance"": 0.28, ""tiers"": {""A"": 65.0, ""B"": 25.0, ""C"": 8.0, ""D"": 2.0}}","{""outcomeWeights"": {""brick"": 0.5, ""rewrite"": 0.5}, ""brickBehavior"": ""Exhaust"", ""rewritePoolDefIds"": []}",
UC-008,Battery Swap,Utility,2,,"[{""op"": ""DealDamage"", ""target"": ""Enemy"", ""amount"": 5}]",20,20,"{""triggerChance"": 0.25, ""tiers"": {""A"": 72.0, ""B"": 20.0, ""C"": 6.0, ""D"": 2.0}}","{""outcomeWeights"": {""brick"": 0.5, ""rewrite"": 0.5}, ""brickBehavior"": ""Exhaust"", ""rewritePoolDefIds"": []}",
UC-009,Corrode Payload,Attack,3,Corrode,"[{""op"": ""RawText"", ""text"": ""Apply 12 Corrode.""}]",16,16,"{""triggerChance"": 0.3, ""tiers"": {""A"": 55.0, ""B"": 28.0, ""C"": 12.0, ""D"": 5.0}}","{""outcomeWeights"": {""brick"": 0.5, ""rewrite"": 0.5}, ""brickBehavior"": ""Exhaust"", ""rewritePoolDefIds"": []}",
UC-010,Signal Jammer,Utility,3,Sensor Glitch,"[{""op"": ""RawText"", ""text"": ""Apply 3 Sensor Glitch.""}]",16,16,"{""triggerChance"": 0.3, ""tiers"": {""A"": 55.0, ""B"": 28.0, ""C"": 12.0, ""D"": 5.0}}","{""outcomeWeights"": {""brick"": 0.65, ""rewrite"": 0.35}, ""brickBehavior"": ""Exhaust"", ""rewritePoolDefIds"": []}",
UC-011,Spoof Field,Utility,3,Target Spoof,"[{""op"": ""RawText"", ""text"": ""Apply Target Spoof to all enemies.""}]",14,14,"{""triggerChance"": 0.32, ""tiers"": {""A"": 45.0, ""B"": 30.0, ""C"": 16.0, ""D"": 7.0, ""E"": 2.0}}","{""outcomeWeights"": {""brick"": 0.8, ""rewrite"": 0.2}, ""brickBehavior"": ""Exhaust"", ""rewritePoolDefIds"": []}",
UC-012,Overclock Self,Utility,3,Overclocked,"[{""op"": ""RawText"", ""text"": ""Gain 2 Overclock. | Gain 2 RAM.""}]",16,16,"{""triggerChance"": 0.3, ""tiers"": {""A"": 58.0, ""B"": 27.0, ""C"": 12.0, ""D"": 3.0}}","{""outcomeWeights"": {""brick"": 0.5, ""rewrite"": 0.5}, ""brickBehavior"": ""Exhaust"", ""rewritePoolDefIds"": []}",
UC-013,Underclock Pulse,Utility,3,Underclock,"[{""op"": ""RawText"", ""text"": ""Apply 3 Underclock.""}]",20,20,"{""triggerChance"": 0.25, ""tiers"": {""A"": 72.0, ""B"": 20.0, ""C"": 6.0, ""D"": 2.0}}","{""outcomeWeights"": {""brick"": 0.5, ""rewrite"": 0.5}, ""brickBehavior"": ""Exhaust"", ""rewritePoolDefIds"": []}",
UC-014,Quarantine Protocol,Utility,3,,"[{""op"": ""RawText"", ""text"": ""Select a card in your hand; place it into Removed for this combat.""}]",18,18,"{""triggerChance"": 0.27, ""tiers"": {""A"": 65.0, ""B"": 22.0, ""C"": 10.0, ""D"": 3.0}}","{""outcomeWeights"": {""brick"": 0.35, ""rewrite"": 0.65}, ""brickBehavior"": ""Exhaust"", ""rewritePoolDefIds"": []}",
UC-015,Commit Buffer,Utility,1,,"[{""op"": ""RawText"", ""text"": ""Until end of turn, ignore a random negative mutation trigger on the next card played.""}]",14,14,"{""triggerChance"": 0.3, ""tiers"": {""A"": 55.0, ""B"": 28.0, ""C"": 12.0, ""D"": 5.0}}","{""outcomeWeights"": {""brick"": 0.65, ""rewrite"": 0.35}, ""brickBehavior"": ""Exhaust"", ""rewritePoolDefIds"": []}",
UC-016,Credit Skim,Utility,1,,"[{""op"": ""RawText"", ""text"": ""If played, gain 15 Credits after this combat. Can stack.""}]",14,14,"{""triggerChance"": 0.32, ""tiers"": {""A"": 52.0, ""B"": 28.0, ""C"": 14.0, ""D"": 6.0}}","{""outcomeWeights"": {""brick"": 0.65, ""rewrite"": 0.35}, ""brickBehavior"": ""Exhaust"", ""rewritePoolDefIds"": []}",
UC-017,Firewall Cascade,Attack,3,Firewall;AOE;Finisher,"[{""op"": ""RawText"", ""text"": ""Lose all Firewall. Deal that much damage to ALL enemies.""}]",16,16,"{""triggerChance"": 0.3, ""tiers"": {""A"": 55.0, ""B"": 28.0, ""C"": 12.0, ""D"": 5.0}}","{""outcomeWeights"": {""brick"": 0.5, ""rewrite"": 0.5}, ""brickBehavior"": ""Exhaust"", ""rewritePoolDefIds"": []}",
R-001,Plasma Lance,Attack,3,,"[{""op"": ""DealDamage"", ""target"": ""Enemy"", ""amount"": 30}]",14,14,"{""triggerChance"": 0.3, ""tiers"": {""A"": 42.0, ""B"": 28.0, ""C"": 18.0, ""D"": 8.0, ""E"": 4.0}}","{""outcomeWeights"": {""brick"": 0.5, ""rewrite"": 0.5}, ""brickBehavior"": ""Exhaust"", ""rewritePoolDefIds"": []}",
R-002,Firewall Bastion,Defense,3,Firewall,"[{""op"": ""RawText"", ""text"": ""Gain 28 Firewall.""}]",16,16,"{""triggerChance"": 0.27, ""tiers"": {""A"": 50.0, ""B"": 28.0, ""C"": 15.0, ""D"": 5.0, ""E"": 2.0}}","{""outcomeWeights"": {""brick"": 0.5, ""rewrite"": 0.5}, ""brickBehavior"": ""Exhaust"", ""rewritePoolDefIds"": []}",
R-003,System Reboot,Support,3,,"[{""op"": ""RawText"", ""text"": ""Heal 25 HP. | Next turn, gain 3 RAM.""}]",14,14,"{""triggerChance"": 0.3, ""tiers"": {""A"": 45.0, ""B"": 28.0, ""C"": 18.0, ""D"": 7.0, ""E"": 2.0}}","{""outcomeWeights"": {""brick"": 0.5, ""rewrite"": 0.5}, ""brickBehavior"": ""Exhaust"", ""rewritePoolDefIds"": []}",
R-004,Freeze RAM Use,Utility,3,,"[{""op"": ""RawText"", ""text"": ""For the rest of this turn, playing cards does not consume RAM.""}]",10,10,"{""triggerChance"": 0.35, ""tiers"": {""A"": 30.0, ""B"": 28.0, ""C"": 22.0, ""D"": 12.0, ""E"": 8.0}}","{""outcomeWeights"": {""brick"": 0.8, ""rewrite"": 0.2}, ""brickBehavior"": ""Exhaust"", ""rewritePoolDefIds"": []}",
R-005,RAM Doubler,Utility,3,,"[{""op"": ""RawText"", ""text"": ""Double your current RAM (up to your max) for this turn.""}]",12,12,"{""triggerChance"": 0.33, ""tiers"": {""A"": 35.0, ""B"": 28.0, ""C"": 20.0, ""D"": 12.0, ""E"": 5.0}}","{""outcomeWeights"": {""brick"": 0.65, ""rewrite"": 0.35}, ""brickBehavior"": ""Exhaust"", ""rewritePoolDefIds"": []}",
R-006,Hand Compiler,Utility,3,,"[{""op"": ""RawText"", ""text"": ""Discard your hand. | Gain RAM equal to the discarded cards' total RAM costs.""}]",12,12,"{""triggerChance"": 0.32, ""tiers"": {""A"": 38.0, ""B"": 28.0, ""C"": 20.0, ""D"": 10.0, ""E"": 4.0}}","{""outcomeWeights"": {""brick"": 0.5, ""rewrite"": 0.5}, ""brickBehavior"": ""Exhaust"", ""rewritePoolDefIds"": []}",
R-007,Hot Swap Patch,Utility,3,,"[{""op"": ""RawText"", ""text"": ""Swap one mutation on this card with a mutation on another card in your hand. | This change is reverted at end of combat.""}]",16,16,"{""triggerChance"": 0.27, ""tiers"": {""A"": 50.0, ""B"": 28.0, ""C"": 15.0, ""D"": 5.0, ""E"": 2.0}}","{""outcomeWeights"": {""brick"": 0.5, ""rewrite"": 0.5}, ""brickBehavior"": ""Exhaust"", ""rewritePoolDefIds"": []}",
R-008,Stabilise Target,Utility,1,,"[{""op"": ""RawText"", ""text"": ""Select another card in your hand; reduce its mutation counter by this card's RAM cost.""}]",14,14,"{""triggerChance"": 0.3, ""tiers"": {""A"": 48.0, ""B"": 28.0, ""C"": 16.0, ""D"": 6.0, ""E"": 2.0}}","{""outcomeWeights"": {""brick"": 0.65, ""rewrite"": 0.35}, ""brickBehavior"": ""Exhaust"", ""rewritePoolDefIds"": []}",
R-009,Mutation Sink,Utility,2,,"[{""op"": ""RawText"", ""text"": ""Reduce mutation progress on a chosen card by 5. | Add +5 mutation progress to this card.""}]",12,12,"{""triggerChance"": 0.32, ""tiers"": {""A"": 42.0, ""B"": 28.0, ""C"": 18.0, ""D"": 8.0, ""E"": 4.0}}","{""outcomeWeights"": {""brick"": 0.5, ""rewrite"": 0.5}, ""brickBehavior"": ""Exhaust"", ""rewritePoolDefIds"": []}",
R-010,Credit Heist,Utility,2,,"[{""op"": ""DealDamage"", ""target"": ""Enemy"", ""amount"": 10}]",14,14,"{""triggerChance"": 0.3, ""tiers"": {""A"": 48.0, ""B"": 28.0, ""C"": 15.0, ""D"": 7.0, ""E"": 2.0}}","{""outcomeWeights"": {""brick"": 0.65, ""rewrite"": 0.35}, ""brickBehavior"": ""Exhaust"", ""rewritePoolDefIds"": []}",
P-001,Assimilate Weak,Utility,3,Overclocked,"[{""op"": ""RawText"", ""text"": ""Remove the weakest enemy from combat. | The strongest enemy gains the removed enemy's max HP, attack cards, and gains 2 Overclock.""}]",11,11,"{""triggerChance"": 0.28, ""tiers"": {""A"": 22.0, ""B"": 28.0, ""C"": 25.0, ""D"": 16.0, ""E"": 7.0, ""F"": 2.0}}","{""outcomeWeights"": {""brick"": 0.8, ""rewrite"": 0.2}, ""brickBehavior"": ""Exhaust"", ""rewritePoolDefIds"": []}",
P-002,Fragment Strong,Utility,3,Sensor Glitch,"[{""op"": ""RawText"", ""text"": ""Remove the strongest enemy from combat. | Distribute its current HP evenly among remaining enemies; apply 2 Sensor Glitch to all enemies.""}]",11,11,"{""triggerChance"": 0.28, ""tiers"": {""A"": 22.0, ""B"": 28.0, ""C"": 25.0, ""D"": 16.0, ""E"": 7.0, ""F"": 2.0}}","{""outcomeWeights"": {""brick"": 0.8, ""rewrite"": 0.2}, ""brickBehavior"": ""Exhaust"", ""rewritePoolDefIds"": []}",
P-003,Cachejack,Skill,2,,"[{""op"": ""RawText"", ""text"": ""Steal 1 random enemy card for this combat (it enters your hand).""}]",50,50,"{""triggerChance"": 0.2, ""tiers"": {""A"": 60.0, ""B"": 30.0, ""C"": 10.0}}","{""outcomeWeights"": {""brick"": 0.35, ""rewrite"": 0.65}, ""brickBehavior"": ""Exhaust"", ""rewritePoolDefIds"": []}",
P-004,Cachejack MkII,Skill,2,target-spoof,"[{""op"": ""RawText"", ""text"": ""Steal 1 random enemy card for this combat (it enters your hand). | If stolen card is an Attack, apply 1 Target Spoof to the enemy that played it.""}]",35,35,"{""triggerChance"": 0.28, ""tiers"": {""A"": 38.0, ""B"": 28.0, ""C"": 20.0, ""D"": 10.0, ""E"": 4.0}}","{""outcomeWeights"": {""brick"": 0.35, ""rewrite"": 0.65}, ""brickBehavior"": ""Exhaust"", ""rewritePoolDefIds"": []}",
P-005,Prime Seed,Utility,1,,"[{""op"": ""RawText"", ""text"": ""No effect.""}]",45,45,"{""triggerChance"": 0.12, ""tiers"": {""A"": 92.0, ""B"": 8.0}}","{""outcomeWeights"": {""brick"": 0.2, ""rewrite"": 0.8}, ""brickBehavior"": ""Exhaust"", ""rewritePoolDefIds"": []}",
P-006,Forked Compiler,Utility,1,,"[{""op"": ""RawText"", ""text"": ""When this card triggers a mutation event, trigger TWO mutations instead of one. | Double first mutation for free, add +1 RAM to cost to roll a different second mutation""}]",35,35,"{""triggerChance"": 0.28, ""tiers"": {""A"": 28.0, ""B"": 28.0, ""C"": 24.0, ""D"": 12.0, ""E"": 6.0, ""F"": 2.0}}","{""outcomeWeights"": {""brick"": 0.65, ""rewrite"": 0.35}, ""brickBehavior"": ""Exhaust"", ""rewritePoolDefIds"": []}",
P-007,Hotwire Surge,Skill,0,,"[{""op"": ""RawText"", ""text"": ""Gain +6 RAM.""}]",8,8,"{""triggerChance"": 0.3, ""tiers"": {""A"": 50.0, ""B"": 28.0, ""C"": 14.0, ""D"": 6.0, ""E"": 2.0}}","{""outcomeWeights"": {""brick"": 0.5, ""rewrite"": 0.5}, ""brickBehavior"": ""Exhaust"", ""rewritePoolDefIds"": []}",
P-008,Burst Cannon,Attack,3,,"[{""op"": ""DealDamage"", ""target"": ""Enemy"", ""amount"": 25}]",7,7,"{""triggerChance"": 0.32, ""tiers"": {""A"": 45.0, ""B"": 30.0, ""C"": 16.0, ""D"": 7.0, ""E"": 2.0}}","{""outcomeWeights"": {""brick"": 0.5, ""rewrite"": 0.5}, ""brickBehavior"": ""Exhaust"", ""rewritePoolDefIds"": []}",
P-009,Street Doc Patch,Skill,2,,"[{""op"": ""RawText"", ""text"": ""Heal 30 HP.""}]",9,9,"{""triggerChance"": 0.3, ""tiers"": {""A"": 48.0, ""B"": 28.0, ""C"": 15.0, ""D"": 7.0, ""E"": 2.0}}","{""outcomeWeights"": {""brick"": 0.5, ""rewrite"": 0.5}, ""brickBehavior"": ""Exhaust"", ""rewritePoolDefIds"": []}",
P-010,Instant Firewall,Skill,3,firewall,"[{""op"": ""RawText"", ""text"": ""Gain 28 Firewall.""}]",7,7,"{""triggerChance"": 0.32, ""tiers"": {""A"": 45.0, ""B"": 30.0, ""C"": 16.0, ""D"": 7.0, ""E"": 2.0}}","{""outcomeWeights"": {""brick"": 0.5, ""rewrite"": 0.5}, ""brickBehavior"": ""Exhaust"", ""rewritePoolDefIds"": []}",
P-011,Binary Staircase,Skill,2,,"[{""op"": ""RawText"", ""text"": ""No effect; mutates after first use, then second, fourth, eighth, sixteenth, etc. 32nd use will J-Brick.""}]",32,32,"{""triggerChance"": 0.25, ""tiers"": {""A"": 67.0, ""B"": 33.0}}","{""outcomeWeights"": {""brick"": 0.5, ""rewrite"": 0.5}, ""brickBehavior"": ""Exhaust"", ""rewritePoolDefIds"": []}",
P-012,Prime Ladder,Skill,4,,"[{""op"": ""RawText"", ""text"": ""No effect; mutates on every prime number. Bricks on 53rd use.""}]",53,53,"{""triggerChance"": 0.15, ""tiers"": {""A"": 80.0, ""B"": 20.0}}","{""outcomeWeights"": {""brick"": 0.5, ""rewrite"": 0.5}, ""brickBehavior"": ""Exhaust"", ""rewritePoolDefIds"": []}",
P-013,Total Restore,Skill,0,,"[{""op"": ""RawText"", ""text"": ""Restore all health immediately.""}]",1,1,"{""triggerChance"": 0.25, ""tiers"": {""A"": 40.0, ""B"": 30.0, ""C"": 20.0, ""D"": 10.0}}","{""outcomeWeights"": {""brick"": 0.5, ""rewrite"": 0.5}, ""brickBehavior"": ""Exhaust"", ""rewritePoolDefIds"": []}",
P-014,RAM Flood,Skill,0,,"[{""op"": ""RawText"", ""text"": ""Restore all RAM immediately. Low-tier mutations each turn; bricks quickly.""}]",4,4,"{""triggerChance"": 0.25, ""tiers"": {""A"": 40.0, ""B"": 30.0, ""C"": 20.0, ""D"": 10.0}}","{""outcomeWeights"": {""brick"": 0.5, ""rewrite"": 0.5}, ""brickBehavior"": ""Exhaust"", ""rewritePoolDefIds"": []}",
P-015,Sandbox Shot,Attack,0,,"[{""op"": ""DealDamage"", ""target"": ""Enemy"", ""amount"": 25}]",5,5,"{""triggerChance"": 0.25, ""tiers"": {""A"": 40.0, ""B"": 30.0, ""C"": 20.0, ""D"": 10.0}}","{""outcomeWeights"": {""brick"": 0.5, ""rewrite"": 0.5}, ""brickBehavior"": ""Exhaust"", ""rewritePoolDefIds"": []}",
EC-A1,Enemy Light Attack,Attack,0,EnemyAbility,"[{""op"": ""DealDamage"", ""target"": ""Enemy"", ""amount"": 7}]",999,999,"{""triggerChance"": 0.0, ""tiers"": {""A"": 100.0}}","{""outcomeWeights"": {""brick"": 0.0, ""rewrite"": 1.0}, ""brickBehavior"": ""Exhaust"", ""rewritePoolDefIds"": []}",
EC-A2,Enemy Medium Attack,Attack,0,EnemyAbility,"[{""op"": ""DealDamage"", ""target"": ""Enemy"", ""amount"": 10}]",999,999,"{""triggerChance"": 0.0, ""tiers"": {""A"": 100.0}}","{""outcomeWeights"": {""brick"": 0.0, ""rewrite"": 1.0}, ""brickBehavior"": ""Exhaust"", ""rewritePoolDefIds"": []}",
EC-A3,Enemy Heavy Attack,Attack,0,EnemyAbility,"[{""op"": ""DealDamage"", ""target"": ""Enemy"", ""amount"": 14}]",999,999,"{""triggerChance"": 0.0, ""tiers"": {""A"": 100.0}}","{""outcomeWeights"": {""brick"": 0.0, ""rewrite"": 1.0}, ""brickBehavior"": ""Exhaust"", ""rewritePoolDefIds"": []}",
EC-A4,Enemy Boss Attack,Attack,0,EnemyAbility,"[{""op"": ""DealDamage"", ""target"": ""Enemy"", ""amount"": 18}]",999,999,"{""triggerChance"": 0.0, ""tiers"": {""A"": 100.0}}","{""outcomeWeights"": {""brick"": 0.0, ""rewrite"": 1.0}, ""brickBehavior"": ""Exhaust"", ""rewritePoolDefIds"": []}",
EC-D1,Enemy Light Guard,Defense,0,EnemyAbility,"[{""op"": ""ApplyStatus"", ""target"": ""Self"", ""statusId"": ""Firewall"", ""stacks"": 6}]",999,999,"{""triggerChance"": 0.0, ""tiers"": {""A"": 100.0}}","{""outcomeWeights"": {""brick"": 0.0, ""rewrite"": 1.0}, ""brickBehavior"": ""Exhaust"", ""rewritePoolDefIds"": []}",
EC-D2,Enemy Heavy Guard,Defense,0,EnemyAbility,"[{""op"": ""ApplyStatus"", ""target"": ""Self"", ""statusId"": ""Firewall"", ""stacks"": 8}]",999,999,"{""triggerChance"": 0.0, ""tiers"": {""A"": 100.0}}","{""outcomeWeights"": {""brick"": 0.0, ""rewrite"": 1.0}, ""brickBehavior"": ""Exhaust"", ""rewritePoolDefIds"": []}",
EC-D3,Enemy Guard Strike,Defense,0,EnemyAbility,"[{""op"": ""ApplyStatus"", ""target"": ""Self"", ""statusId"": ""Firewall"", ""stacks"": 4},{""op"": ""DealDamage"", ""target"": ""Enemy"", ""amount"": 6}]",999,999,"{""triggerChance"": 0.0, ""tiers"": {""A"": 100.0}}","{""outcomeWeights"": {""brick"": 0.0, ""rewrite"": 1.0}, ""brickBehavior"": ""Exhaust"", ""rewritePoolDefIds"": []}",
EC-D4,Enemy Firewall Crash,Defense,0,EnemyAbility,"[{""op"": ""RawText"", ""text"": ""Lose all Firewall. Deal that much damage.""}]",999,999,"{""triggerChance"": 0.0, ""tiers"": {""A"": 100.0}}","{""outcomeWeights"": {""brick"": 0.0, ""rewrite"": 1.0}, ""brickBehavior"": ""Exhaust"", ""rewritePoolDefIds"": []}",
EC-D5,Enemy Breach Ram,Defense,0,EnemyAbility,"[{""op"": ""RawText"", ""text"": ""Strip 8 Firewall. Deal 6 damage.""}]",999,999,"{""triggerChance"": 0.0, ""tiers"": {""A"": 100.0}}","{""outcomeWeights"": {""brick"": 0.0, ""rewrite"": 1.0}, ""brickBehavior"": ""Exhaust"", ""rewritePoolDefIds"": []}",
EC-S1,Enemy Light Heal,Skill,0,EnemyAbility,"[{""op"": ""Heal"", ""target"": ""Self"", ""amount"": 8}]",999,999,"{""triggerChance"": 0.0, ""tiers"": {""A"": 100.0}}","{""outcomeWeights"": {""brick"": 0.0, ""rewrite"": 1.0}, ""brickBehavior"": ""Exhaust"", ""rewritePoolDefIds"": []}",
EC-S2,Enemy Heavy Heal,Skill,0,EnemyAbility,"[{""op"": ""Heal"", ""target"": ""Self"", ""amount"": 15},{""op"": ""DealDamage"", ""target"": ""Enemy"", ""amount"": 4}]",999,999,"{""triggerChance"": 0.0, ""tiers"": {""A"": 100.0}}","{""outcomeWeights"": {""brick"": 0.0, ""rewrite"": 1.0}, ""brickBehavior"": ""Exhaust"", ""rewritePoolDefIds"": []}",
EC-C1,Enemy Light Control,Skill,0,EnemyAbility,"[{""op"": ""ApplyStatus"", ""target"": ""Enemy"", ""statusId"": ""SensorGlitch"", ""stacks"": 1}]",999,999,"{""triggerChance"": 0.0, ""tiers"": {""A"": 100.0}}","{""outcomeWeights"": {""brick"": 0.0, ""rewrite"": 1.0}, ""brickBehavior"": ""Exhaust"", ""rewritePoolDefIds"": []}",
EC-C2,Enemy Heavy Control,Skill,0,EnemyAbility,"[{""op"": ""ApplyStatus"", ""target"": ""Enemy"", ""statusId"": ""SensorGlitch"", ""stacks"": 2},{""op"": ""DealDamage"", ""target"": ""Enemy"", ""amount"": 4}]",999,999,"{""triggerChance"": 0.0, ""tiers"": {""A"": 100.0}}","{""outcomeWeights"": {""brick"": 0.0, ""rewrite"": 1.0}, ""brickBehavior"": ""Exhaust"", ""rewritePoolDefIds"": []}",
EC-DB1,Enemy Corrode Light,Skill,0,EnemyAbility,"[{""op"": ""ApplyStatus"", ""target"": ""Enemy"", ""statusId"": ""Corrode"", ""stacks"": 2}]",999,999,"{""triggerChance"": 0.0, ""tiers"": {""A"": 100.0}}","{""outcomeWeights"": {""brick"": 0.0, ""rewrite"": 1.0}, ""brickBehavior"": ""Exhaust"", ""rewritePoolDefIds"": []}",
EC-DB2,Enemy Corrode Medium,Skill,0,EnemyAbility,"[{""op"": ""ApplyStatus"", ""target"": ""Enemy"", ""statusId"": ""Corrode"", ""stacks"": 2},{""op"": ""ApplyStatus"", ""target"": ""Enemy"", ""statusId"": ""Leak"", ""stacks"": 1}]",999,999,"{""triggerChance"": 0.0, ""tiers"": {""A"": 100.0}}","{""outcomeWeights"": {""brick"": 0.0, ""rewrite"": 1.0}, ""brickBehavior"": ""Exhaust"", ""rewritePoolDefIds"": []}",
EC-DB3,Enemy Corrode Heavy,Skill,0,EnemyAbility,"[{""op"": ""ApplyStatus"", ""target"": ""Enemy"", ""statusId"": ""Corrode"", ""stacks"": 3},{""op"": ""ApplyStatus"", ""target"": ""Enemy"", ""statusId"": ""Leak"", ""stacks"": 1}]",999,999,"{""triggerChance"": 0.0, ""tiers"": {""A"": 100.0}}","{""outcomeWeights"": {""brick"": 0.0, ""rewrite"": 1.0}, ""brickBehavior"": ""Exhaust"", ""rewritePoolDefIds"": []}",
EC-M1,Enemy Mixed Attack,Attack,0,EnemyAbility,"[{""op"": ""DealDamage"", ""target"": ""Enemy"", ""amount"": 7},{""op"": ""ApplyStatus"", ""target"": ""Enemy"", ""statusId"": ""Corrode"", ""stacks"": 1}]",999,999,"{""triggerChance"": 0.0, ""tiers"": {""A"": 100.0}}","{""outcomeWeights"": {""brick"": 0.0, ""rewrite"": 1.0}, ""brickBehavior"": ""Exhaust"", ""rewritePoolDefIds"": []}",
EC-E1,Enemy Economy Light,Skill,0,EnemyAbility,"[{""op"": ""ApplyStatus"", ""target"": ""Enemy"", ""statusId"": ""SensorGlitch"", ""stacks"": 1},{""op"": ""DealDamage"", ""target"": ""Enemy"", ""amount"": 5}]",999,999,"{""triggerChance"": 0.0, ""tiers"": {""A"": 100.0}}","{""outcomeWeights"": {""brick"": 0.0, ""rewrite"": 1.0}, ""brickBehavior"": ""Exhaust"", ""rewritePoolDefIds"": []}",
EC-E2,Enemy Economy Medium,Skill,0,EnemyAbility,"[{""op"": ""ApplyStatus"", ""target"": ""Enemy"", ""statusId"": ""Underclock"", ""stacks"": 2},{""op"": ""DealDamage"", ""target"": ""Enemy"", ""amount"": 5}]",999,999,"{""triggerChance"": 0.0, ""tiers"": {""A"": 100.0}}","{""outcomeWeights"": {""brick"": 0.0, ""rewrite"": 1.0}, ""brickBehavior"": ""Exhaust"", ""rewritePoolDefIds"": []}",
