id,name,act,kind,compositionType,enemyIds,generatorRules,rewardMin,rewardMax,notes,extra
ENC_BOSS_ADMINISTRATOR_CIPHER_MAINFRAME,Administrator: Cipher Mainframe,1,boss,fixed,E_ADMINISTRATOR_CIPHER_MAINFRAME,,0,0,Boss encounter (fixed). Rewards handled by boss reward profile.,"{""Boss category"": ""Boss pool"", ""Actions/turn"": 2, ""HP"": 363, ""Boss pool (Act)"": ""Repeatable pool""}"
ENC_BOSS_ADMINISTRATOR_KILO_CORE,Administrator: Kilo Core,1,boss,fixed,E_ADMINISTRATOR_KILO_CORE,,0,0,Boss encounter (fixed). Rewards handled by boss reward profile.,"{""Boss category"": ""Boss pool"", ""Actions/turn"": 3, ""HP"": 410, ""Boss pool (Act)"": ""Repeatable pool""}"
ENC_BOSS_ADMINISTRATOR_NULL_GOLIATH,Administrator: Null Goliath,1,boss,fixed,E_ADMINISTRATOR_NULL_GOLIATH,,0,0,Boss encounter (fixed). Rewards handled by boss reward profile.,"{""Boss category"": ""Unique (once/run)"", ""Actions/turn"": 2, ""HP"": 318, ""Boss pool (Act)"": ""Repeatable pool""}"
ENC_BOSS_ADMINISTRATOR_PULSE_CITADEL,Administrator: Pulse Citadel,1,boss,fixed,E_ADMINISTRATOR_PULSE_CITADEL,,0,0,Boss encounter (fixed). Rewards handled by boss reward profile.,"{""Boss category"": ""Boss pool"", ""Actions/turn"": 3, ""HP"": 343, ""Boss pool (Act)"": ""Repeatable pool""}"
ENC_BOSS_ARCHON_HOLO_ORACLE,Archon: Holo Oracle,1,boss,fixed,E_ARCHON_HOLO_ORACLE,,0,0,Boss encounter (fixed). Rewards handled by boss reward profile.,"{""Boss category"": ""Boss pool"", ""Actions/turn"": 2, ""HP"": 356, ""Boss pool (Act)"": ""Repeatable pool""}"
ENC_BOSS_ARCHON_KILO_MAINFRAME,Archon: Kilo Mainframe,1,boss,fixed,E_ARCHON_KILO_MAINFRAME,,0,0,Boss encounter (fixed). Rewards handled by boss reward profile.,"{""Boss category"": ""Boss pool"", ""Actions/turn"": 2, ""HP"": 241, ""Boss pool (Act)"": ""Repeatable pool""}"
ENC_BOSS_ARCHON_NULL_GOLIATH,Archon: Null Goliath,1,boss,fixed,E_ARCHON_NULL_GOLIATH,,0,0,Boss encounter (fixed). Rewards handled by boss reward profile.,"{""Boss category"": ""Boss pool"", ""Actions/turn"": 3, ""HP"": 456, ""Boss pool (Act)"": ""Repeatable pool""}"
ENC_BOSS_ARCHON_PULSE_HYDRA,Archon: Pulse Hydra,1,boss,fixed,E_ARCHON_PULSE_HYDRA,,0,0,Boss encounter (fixed). Rewards handled by boss reward profile.,"{""Boss category"": ""Boss pool"", ""Actions/turn"": 2, ""HP"": 402, ""Boss pool (Act)"": ""Repeatable pool""}"
ENC_BOSS_BOSS_NEON_MAINFRAME,Boss: Neon Mainframe,1,boss,fixed,E_BOSS_NEON_MAINFRAME,,0,0,Boss encounter (fixed). Rewards handled by boss reward profile.,"{""Boss category"": ""Boss pool"", ""Actions/turn"": 2, ""HP"": 315, ""Boss pool (Act)"": ""Repeatable pool""}"
ENC_BOSS_BOSS_VECTOR_MAINFRAME,Boss: Vector Mainframe,1,boss,fixed,E_BOSS_VECTOR_MAINFRAME,,0,0,Boss encounter (fixed). Rewards handled by boss reward profile.,"{""Boss category"": ""Unique (once/run)"", ""Actions/turn"": 3, ""HP"": 307, ""Boss pool (Act)"": ""Unique pool""}"
ENC_BOSS_DIRECTOR_CIRCUIT_HYDRA,Director: Circuit Hydra,1,boss,fixed,E_DIRECTOR_CIRCUIT_HYDRA,,0,0,Boss encounter (fixed). Rewards handled by boss reward profile.,"{""Boss category"": ""Boss pool"", ""Actions/turn"": 2, ""HP"": 264, ""Boss pool (Act)"": ""Repeatable pool""}"
ENC_BOSS_DIRECTOR_GHOST_ORACLE,Director: Ghost Oracle,1,boss,fixed,E_DIRECTOR_GHOST_ORACLE,,0,0,Boss encounter (fixed). Rewards handled by boss reward profile.,"{""Boss category"": ""Unique (once/run)"", ""Actions/turn"": 2, ""HP"": 274, ""Boss pool (Act)"": ""Repeatable pool""}"
ENC_BOSS_DIRECTOR_PULSE_MAINFRAME,Director: Pulse Mainframe,1,boss,fixed,E_DIRECTOR_PULSE_MAINFRAME,,0,0,Boss encounter (fixed). Rewards handled by boss reward profile.,"{""Boss category"": ""Boss pool"", ""Actions/turn"": 2, ""HP"": 300, ""Boss pool (Act)"": ""Repeatable pool""}"
ENC_BOSS_LEVIATHAN_CHROME_ORACLE,Leviathan: Chrome Oracle,1,boss,fixed,E_LEVIATHAN_CHROME_ORACLE,,0,0,Boss encounter (fixed). Rewards handled by boss reward profile.,"{""Boss category"": ""Unique (once/run)"", ""Actions/turn"": 2, ""HP"": 374, ""Boss pool (Act)"": ""Repeatable pool""}"
ENC_BOSS_LEVIATHAN_GHOST_GOLIATH,Leviathan: Ghost Goliath,1,boss,fixed,E_LEVIATHAN_GHOST_GOLIATH,,0,0,Boss encounter (fixed). Rewards handled by boss reward profile.,"{""Boss category"": ""Boss pool"", ""Actions/turn"": 2, ""HP"": 394, ""Boss pool (Act)"": ""Repeatable pool""}"
ENC_BOSS_LEVIATHAN_GHOST_HYDRA,Leviathan: Ghost Hydra,1,boss,fixed,E_LEVIATHAN_GHOST_HYDRA,,0,0,Boss encounter (fixed). Rewards handled by boss reward profile.,"{""Boss category"": ""Boss pool"", ""Actions/turn"": 3, ""HP"": 377, ""Boss pool (Act)"": ""Repeatable pool""}"
ENC_BOSS_LEVIATHAN_NEON_APEX,Leviathan: Neon Apex,1,boss,fixed,E_LEVIATHAN_NEON_APEX,,0,0,Boss encounter (fixed). Rewards handled by boss reward profile.,"{""Boss category"": ""Boss pool"", ""Actions/turn"": 3, ""HP"": 358, ""Boss pool (Act)"": ""Repeatable pool""}"
ENC_BOSS_LEVIATHAN_PULSE_CORE,Leviathan: Pulse Core,1,boss,fixed,E_LEVIATHAN_PULSE_CORE,,0,0,Boss encounter (fixed). Rewards handled by boss reward profile.,"{""Boss category"": ""Unique (once/run)"", ""Actions/turn"": 2, ""HP"": 357, ""Boss pool (Act)"": ""Unique pool""}"
ENC_BOSS_LEVIATHAN_VANTA_CORE,Leviathan: Vanta Core,1,boss,fixed,E_LEVIATHAN_VANTA_CORE,,0,0,Boss encounter (fixed). Rewards handled by boss reward profile.,"{""Boss category"": ""Boss pool"", ""Actions/turn"": 3, ""HP"": 369, ""Boss pool (Act)"": ""Repeatable pool""}"
ENC_BOSS_NEXUS_CHROME_WARDEN,Nexus: Chrome Warden,1,boss,fixed,E_NEXUS_CHROME_WARDEN,,0,0,Boss encounter (fixed). Rewards handled by boss reward profile.,"{""Boss category"": ""Unique (once/run)"", ""Actions/turn"": 3, ""HP"": 336, ""Boss pool (Act)"": ""Unique pool""}"
ENC_BOSS_NEXUS_ION_GOLIATH,Nexus: Ion Goliath,1,boss,fixed,E_NEXUS_ION_GOLIATH,,0,0,Boss encounter (fixed). Rewards handled by boss reward profile.,"{""Boss category"": ""Unique (once/run)"", ""Actions/turn"": 2, ""HP"": 229, ""Boss pool (Act)"": ""Unique pool""}"
ENC_BOSS_NEXUS_ROGUE_ORACLE,Nexus: Rogue Oracle,1,boss,fixed,E_NEXUS_ROGUE_ORACLE,,0,0,Boss encounter (fixed). Rewards handled by boss reward profile.,"{""Boss category"": ""Unique (once/run)"", ""Actions/turn"": 2, ""HP"": 299, ""Boss pool (Act)"": ""Repeatable pool""}"
ENC_BOSS_OVERSEER_CHROME_ORACLE,Overseer: Chrome Oracle,1,boss,fixed,E_OVERSEER_CHROME_ORACLE,,0,0,Boss encounter (fixed). Rewards handled by boss reward profile.,"{""Boss category"": ""Unique (once/run)"", ""Actions/turn"": 2, ""HP"": 229, ""Boss pool (Act)"": ""Repeatable pool""}"
ENC_BOSS_OVERSEER_ROGUE_APEX,Overseer: Rogue Apex,1,boss,fixed,E_OVERSEER_ROGUE_APEX,,0,0,Boss encounter (fixed). Rewards handled by boss reward profile.,"{""Boss category"": ""Unique (once/run)"", ""Actions/turn"": 3, ""HP"": 424, ""Boss pool (Act)"": ""Unique pool""}"
ENC_BOSS_OVERSEER_STATIC_CORE,Overseer: Static Core,1,boss,fixed,E_OVERSEER_STATIC_CORE,,0,0,Boss encounter (fixed). Rewards handled by boss reward profile.,"{""Boss category"": ""Boss pool"", ""Actions/turn"": 2, ""HP"": 296, ""Boss pool (Act)"": ""Repeatable pool""}"
ENC_BOSS_OVERSEER_STATIC_WARDEN,Overseer: Static Warden,1,boss,fixed,E_OVERSEER_STATIC_WARDEN,,0,0,Boss encounter (fixed). Rewards handled by boss reward profile.,"{""Boss category"": ""Unique (once/run)"", ""Actions/turn"": 2, ""HP"": 231, ""Boss pool (Act)"": ""Unique pool""}"
ENC_BOSS_OVERSEER_VANTA_GOLIATH,Overseer: Vanta Goliath,1,boss,fixed,E_OVERSEER_VANTA_GOLIATH,,0,0,Boss encounter (fixed). Rewards handled by boss reward profile.,"{""Boss category"": ""Unique (once/run)"", ""Actions/turn"": 2, ""HP"": 348, ""Boss pool (Act)"": ""Repeatable pool""}"
ENC_BOSS_TITAN_HOLO_APEX,Titan: Holo Apex,1,boss,fixed,E_TITAN_HOLO_APEX,,0,0,Boss encounter (fixed). Rewards handled by boss reward profile.,"{""Boss category"": ""Boss pool"", ""Actions/turn"": 2, ""HP"": 312, ""Boss pool (Act)"": ""Repeatable pool""}"
ENC_A1_EL1_01,Act 1: Elite Single 1,1,elite,fixed,E_ECHO_SHAMAN_SWARM,,100,140,Structured elite: single high-threat unit.,{}
ENC_A1_EL1_02,Act 1: Elite Single 2,1,elite,fixed,E_FLUX_SHAMAN_CREW,,100,140,Structured elite: single high-threat unit.,{}
ENC_A1_EL2_01,Act 1: Elite Pair 1,1,elite,fixed,E_VECTOR_GOON_PROXY;E_CIPHER_POD_SHARD,,100,140,Structured elite: two coordinated threats.,{}
ENC_A1_EL2_02,Act 1: Elite Pair 2,1,elite,fixed,E_CIPHER_HACKER_MK_II;E_CIRCUIT_HACKER_ARRAY,,100,140,Structured elite: two coordinated threats.,{}
ENC-004,Challenge Encounter,1,elite,generated,,"{""style"": ""semi_random"", ""act"": 1, ""minEnemies"": 5, ""maxEnemies"": 8, ""activeEnemyCap"": 3, ""allowWaves"": true, ""eligibleEnemyIds"": [""E_CHROME_CLERIC_PROTOCOL"", ""E_ECHO_SENTINEL_SHARD"", ""E_GLITCH_TECH_PROTOCOL"", ""E_HOLO_SHAMAN_MK_I"", ""E_ION_RAT_SUITE"", ""E_ION_SNIPER_RIG"", ""E_LEAK_WRAITH"", ""E_NULL_DAEMON_MK_II"", ""E_RAZOR_CLERIC_MK_II"", ""E_RAZOR_SHAMAN_MK_II"", ""E_ROGUE_SNIPER_UNIT"", ""E_STATIC_POD_PROTOCOL"", ""E_VANTA_SAPPER_NODE"", ""E_VECTOR_COURIER_ARRAY"", ""E_VECTOR_RAT_MK_III""], ""selection"": {""strategy"": ""weighted_by_enemy_inclusion_weight"", ""allowDuplicates"": false}, ""notes"": ""As one enemy dies, the next is brought in. Max 3 enemies at a time.""}",150,200,Converted from Encounters - Copy.csv template into generatorRules (active cap + optional waves).,"{""template_extra"": ""As one enemy dies, the next is brought in. Max 3 enemies at a time.""}"
ENC_A1_SPEC_CONTROL,Act 1 Special: Control Stack,1,hard,fixed,E_ECHO_SENTINEL_SHARD;E_NEON_SAPPER_MK_II,,60,100,Structured: control + support. Tests debuff management.,{}
ENC_A1_SPEC_DECAY,Act 1 Special: Corruption Pressure,1,hard,fixed,E_GLITCH_WARDEN_SUITE;E_PULSE_BRUISER_FRAME,,60,100,Structured: debuff+damage pairing. Punishes slow lines.,{}
ENC_A1_SPEC_SCREEN,Act 1 Special: Screen + Striker,1,hard,fixed,E_RAZOR_SHAMAN_CREW;E_PULSE_BRUISER_FRAME,,60,100,Structured: tank screens while striker pressures. Tests target priority.,{}
ENC_GEN_A1_CONTROL_FOCUS,Act 1 Random: Control Focus,1,hard,generated,,"{""style"": ""randomised"", ""act"": 1, ""minEnemies"": 1, ""maxEnemies"": 3, ""activeEnemyCap"": 3, ""allowWaves"": false, ""eligibleEnemyIds"": [""E_CHROME_BRUISER_SHARD"", ""E_CIPHER_DRONE_PROTOCOL"", ""E_CIPHER_HACKER_MK_II"", ""E_CIPHER_HACKER_SWARM"", ""E_CIPHER_WARDEN_NODE"", ""E_CIRCUIT_HACKER_ARRAY"", ""E_CORRODE_RAT"", ""E_ECHO_DAEMON_CREW"", ""E_ECHO_ENFORCER_MK_I"", ""E_ECHO_SENTINEL_SHARD"", ""E_ECHO_SHAMAN_SWARM"", ""E_GHOST_GOON_MK_III"", ""E_GHOST_RUNNER_PROTOCOL"", ""E_GLITCH_WARDEN_SUITE"", ""E_HOLO_POD_NODE"", ""E_HOLO_RAT_MK_II"", ""E_HOLO_SNIPER_SUITE"", ""E_KILO_COURIER_ARRAY"", ""E_KILO_SNIPER_ARRAY"", ""E_KILO_SNIPER_UNIT"", ""E_LEAK_WRAITH"", ""E_NEON_POD_SUITE"", ""E_NULL_DAEMON_RIG"", ""E_RAZOR_ENFORCER_FRAME"", ""E_SIGNAL_IMP"", ""E_STATIC_IMP_RIG"", ""E_STATIC_POD_PROTOCOL"", ""E_STATIC_SAPPER_CELL"", ""E_STATIC_WARDEN_ARRAY"", ""E_VANTA_ENFORCER_MK_I""], ""selection"": {""strategy"": ""balance_roles_then_weighted"", ""allowDuplicates"": false}, ""notes"": ""Bias towards Control/Debuff enemies.""}",60,100,Bias towards Control/Debuff enemies.,"{""poolSize"": 30}"
ENC_GEN_A1_DAMAGE_FOCUS,Act 1 Random: Damage Focus,1,hard,generated,,"{""style"": ""randomised"", ""act"": 1, ""minEnemies"": 1, ""maxEnemies"": 3, ""activeEnemyCap"": 3, ""allowWaves"": false, ""eligibleEnemyIds"": [""E_CHROME_SAPPER_CREW"", ""E_CHROME_SAPPER_NODE"", ""E_CIPHER_POD_SHARD"", ""E_CIPHER_SHAMAN_PROTOCOL"", ""E_ECHO_SNIPER_PACK"", ""E_FLUX_SHAMAN_CREW"", ""E_GLITCH_BRUISER_MK_II"", ""E_GLITCH_RUNNER_NODE"", ""E_GLITCH_TECH_PROTOCOL"", ""E_HACKER_DRONE"", ""E_HOLO_ENFORCER_MK_I"", ""E_HOLO_SAPPER_CELL"", ""E_NEON_WARDEN_SUITE"", ""E_PULSE_BRUISER_FRAME"", ""E_PULSE_RAT_MK_II"", ""E_PULSE_SAPPER_ARRAY"", ""E_PULSE_SAPPER_CELL"", ""E_STATIC_DAEMON_SWARM"", ""E_VECTOR_MARAUDER_PROXY""], ""selection"": {""strategy"": ""balance_roles_then_weighted"", ""allowDuplicates"": false}, ""notes"": ""Bias towards Attack primaryPurpose.""}",60,100,Bias towards Attack primaryPurpose.,"{""poolSize"": 19}"
ENC_GEN_A1_LEAK_THEME,Act 1 Random: Leak Theme,1,hard,generated,,"{""style"": ""randomised"", ""act"": 1, ""minEnemies"": 1, ""maxEnemies"": 3, ""activeEnemyCap"": 3, ""allowWaves"": false, ""eligibleEnemyIds"": [""E_LEAK_WRAITH""], ""selection"": {""strategy"": ""balance_roles_then_weighted"", ""allowDuplicates"": false}, ""notes"": ""Bias towards enemies referencing Leak.""}",60,100,Bias towards enemies referencing Leak.,"{""poolSize"": 1}"
ENC_A1_N1_01,Act 1: Lone Process 1,1,normal,fixed,E_HOLO_SHAMAN_CREW,,30,60,Highly structured: 1-enemy encounter. Baseline pacing.,{}
ENC_A1_N1_02,Act 1: Lone Process 2,1,normal,fixed,E_HOLO_SHAMAN_MK_I,,30,60,Highly structured: 1-enemy encounter. Baseline pacing.,{}
ENC_A1_N1_03,Act 1: Lone Process 3,1,normal,fixed,E_HOLO_SNIPER_SHARD,,30,60,Highly structured: 1-enemy encounter. Baseline pacing.,{}
ENC_A1_N1_04,Act 1: Lone Process 4,1,normal,fixed,E_ION_RAT_SUITE,,30,60,Highly structured: 1-enemy encounter. Baseline pacing.,{}
ENC_A1_N1_05,Act 1: Lone Process 5,1,normal,fixed,E_ION_SENTINEL_NODE,,30,60,Highly structured: 1-enemy encounter. Baseline pacing.,{}
ENC_A1_N1_06,Act 1: Lone Process 6,1,normal,fixed,E_ION_SNIPER_RIG,,30,60,Highly structured: 1-enemy encounter. Baseline pacing.,{}
ENC_A1_N1_07,Act 1: Lone Process 7,1,normal,fixed,E_KILO_SNIPER_ARRAY,,30,60,Highly structured: 1-enemy encounter. Baseline pacing.,{}
ENC_A1_N1_08,Act 1: Lone Process 8,1,normal,fixed,E_LEAK_WRAITH,,30,60,Highly structured: 1-enemy encounter. Baseline pacing.,{}
ENC_A1_N2_01,Act 1: Pair Routine 1,1,normal,fixed,E_GLITCH_WARDEN_SUITE;E_HOLO_POD_NODE,,30,60,"Structured: 2-enemy encounter, mixed roles.",{}
ENC_A1_N2_02,Act 1: Pair Routine 2,1,normal,fixed,E_HACKER_DRONE;E_HOLO_RAT_MK_II,,30,60,"Structured: 2-enemy encounter, mixed roles.",{}
ENC_A1_N2_03,Act 1: Pair Routine 3,1,normal,fixed,E_HOLO_ENFORCER_MK_I;E_HOLO_RUNNER_NODE,,30,60,"Structured: 2-enemy encounter, mixed roles.",{}
ENC_A1_N2_04,Act 1: Pair Routine 4,1,normal,fixed,E_HOLO_POD_NODE;E_HOLO_SAPPER_CELL,,30,60,"Structured: 2-enemy encounter, mixed roles.",{}
ENC_A1_N2_05,Act 1: Pair Routine 5,1,normal,fixed,E_HOLO_RAT_MK_II;E_HOLO_SCOUT_PROXY,,30,60,"Structured: 2-enemy encounter, mixed roles.",{}
ENC_A1_N2_06,Act 1: Pair Routine 6,1,normal,fixed,E_HOLO_RUNNER_NODE;E_HOLO_SHAMAN_CREW,,30,60,"Structured: 2-enemy encounter, mixed roles.",{}
ENC_A1_N2_07,Act 1: Pair Routine 7,1,normal,fixed,E_HOLO_SAPPER_CELL;E_HOLO_SHAMAN_MK_I,,30,60,"Structured: 2-enemy encounter, mixed roles.",{}
ENC_A1_N2_08,Act 1: Pair Routine 8,1,normal,fixed,E_HOLO_SCOUT_PROXY;E_HOLO_SNIPER_SHARD,,30,60,"Structured: 2-enemy encounter, mixed roles.",{}
ENC_A1_N3_01,Act 1: Trio Loop 1,1,normal,fixed,E_HACKER_DRONE;E_HOLO_RAT_MK_II;E_HOLO_SCOUT_PROXY,,60,100,Structured: 3-enemy encounter. Slightly higher payout to match pressure.,{}
ENC_A1_N3_02,Act 1: Trio Loop 2,1,normal,fixed,E_HOLO_ENFORCER_MK_I;E_HOLO_RUNNER_NODE;E_HOLO_SHAMAN_CREW,,60,100,Structured: 3-enemy encounter. Slightly higher payout to match pressure.,{}
ENC_A1_N3_03,Act 1: Trio Loop 3,1,normal,fixed,E_HOLO_POD_NODE;E_HOLO_SAPPER_CELL;E_HOLO_SHAMAN_MK_I,,60,100,Structured: 3-enemy encounter. Slightly higher payout to match pressure.,{}
ENC_A1_N3_04,Act 1: Trio Loop 4,1,normal,fixed,E_HOLO_RAT_MK_II;E_HOLO_SCOUT_PROXY;E_HOLO_SNIPER_SHARD,,60,100,Structured: 3-enemy encounter. Slightly higher payout to match pressure.,{}
ENC_A1_N3_05,Act 1: Trio Loop 5,1,normal,fixed,E_HOLO_RUNNER_NODE;E_HOLO_SHAMAN_CREW;E_ION_CLERIC_PROXY,,60,100,Structured: 3-enemy encounter. Slightly higher payout to match pressure.,{}
ENC_A1_N3_06,Act 1: Trio Loop 6,1,normal,fixed,E_HOLO_SAPPER_CELL;E_HOLO_SHAMAN_MK_I;E_ION_RAT_SUITE,,60,100,Structured: 3-enemy encounter. Slightly higher payout to match pressure.,{}
ENC-001,Standard Encounter (1 enemy),1,normal,generated,,"{""style"": ""semi_random"", ""act"": 1, ""minEnemies"": 1, ""maxEnemies"": 1, ""activeEnemyCap"": 1, ""allowWaves"": false, ""eligibleEnemyIds"": [""E_CIRCUIT_DAEMON_ARRAY"", ""E_ECHO_SENTINEL_SHARD"", ""E_GLITCH_RUNNER_NODE"", ""E_GLITCH_TECH_PROTOCOL"", ""E_ION_RAT_SUITE"", ""E_PULSE_SAPPER_ARRAY"", ""E_PULSE_SHAMAN_MK_I"", ""E_RAZOR_CLERIC_MK_II"", ""E_RAZOR_ENFORCER_FRAME"", ""E_RAZOR_RUNNER_PROXY"", ""E_RAZOR_SHAMAN_CREW"", ""E_RAZOR_TECH_NODE"", ""E_ROGUE_SCOUT_SWARM"", ""E_VANTA_DRONE_MK_III"", ""E_VANTA_SAPPER_NODE""], ""selection"": {""strategy"": ""weighted_by_enemy_inclusion_weight"", ""allowDuplicates"": false}, ""notes"": ""Easy 1 enemy encounter. Easy; can only happen once""}",100,120,Converted from Encounters - Copy.csv template into generatorRules (active cap + optional waves).,"{""template_extra"": ""Easy 1 enemy encounter. Easy; can only happen once""}"
ENC-002,Standard Encounter (2 enemy),1,normal,generated,,"{""style"": ""semi_random"", ""act"": 1, ""minEnemies"": 2, ""maxEnemies"": 2, ""activeEnemyCap"": 2, ""allowWaves"": false, ""eligibleEnemyIds"": [""E_CHROME_CLERIC_PROTOCOL"", ""E_ECHO_SENTINEL_SHARD"", ""E_GLITCH_TECH_PROTOCOL"", ""E_HOLO_SHAMAN_MK_I"", ""E_ION_RAT_SUITE"", ""E_ION_SNIPER_RIG"", ""E_LEAK_WRAITH"", ""E_NULL_DAEMON_MK_II"", ""E_RAZOR_CLERIC_MK_II"", ""E_RAZOR_SHAMAN_MK_II"", ""E_ROGUE_SNIPER_UNIT"", ""E_STATIC_POD_PROTOCOL"", ""E_VANTA_SAPPER_NODE"", ""E_VECTOR_COURIER_ARRAY"", ""E_VECTOR_RAT_MK_III""], ""selection"": {""strategy"": ""weighted_by_enemy_inclusion_weight"", ""allowDuplicates"": false}, ""notes"": ""Typical 2 enemy encounter. Can repeat.""}",30,60,Converted from Encounters - Copy.csv template into generatorRules (active cap + optional waves).,"{""template_extra"": ""Typical 2 enemy encounter. Can repeat.""}"
ENC-003,Standard Encounter (3 enemy),1,normal,generated,,"{""style"": ""randomised"", ""act"": 1, ""minEnemies"": 3, ""maxEnemies"": 3, ""activeEnemyCap"": 3, ""allowWaves"": false, ""eligibleEnemyIds"": [""E_CHROME_CLERIC_PROTOCOL"", ""E_CHROME_MARAUDER_CELL"", ""E_CHROME_SAPPER_CREW"", ""E_CORRODE_RAT"", ""E_ECHO_IMP_MK_II"", ""E_ECHO_SENTINEL_SHARD"", ""E_FIREWALL_POD"", ""E_GHOST_DAEMON_SWARM"", ""E_GLITCH_TECH_PROTOCOL"", ""E_HACKER_DRONE"", ""E_HOLO_RUNNER_NODE"", ""E_HOLO_SHAMAN_MK_I"", ""E_ION_RAT_SUITE"", ""E_ION_SNIPER_RIG"", ""E_LEAK_WRAITH"", ""E_NULL_DAEMON_MK_II"", ""E_OBSIDIAN_SNIPER_MK_III"", ""E_PATCH_SPRITE"", ""E_QUANTUM_HACKER_PACK"", ""E_RAZOR_SHAMAN_MK_II"", ""E_ROGUE_SNIPER_UNIT"", ""E_ROGUE_TECH_ARRAY"", ""E_SCRAP_MINION"", ""E_SIGNAL_IMP"", ""E_STATIC_POD_PROTOCOL"", ""E_VANTA_MARAUDER_MK_I"", ""E_VECTOR_COURIER_ARRAY"", ""E_VECTOR_HACKER_PACK"", ""E_VECTOR_RAT_MK_III""], ""selection"": {""strategy"": ""weighted_by_enemy_inclusion_weight"", ""allowDuplicates"": false}, ""notes"": ""Typical 3 enemy encounter. Repeats. \""default\"" for Act 1""}",50,100,Converted from Encounters - Copy.csv template into generatorRules (active cap + optional waves).,"{""template_extra"": ""Typical 3 enemy encounter. Repeats. \""default\"" for Act 1""}"
ENC-005,Damage-heavy encounter,1,normal,generated,,"{""style"": ""randomised"", ""act"": 1, ""minEnemies"": 2, ""maxEnemies"": 3, ""activeEnemyCap"": 3, ""allowWaves"": false, ""eligibleEnemyIds"": [""E_CHROME_SAPPER_CREW"", ""E_CHROME_SAPPER_NODE"", ""E_CIPHER_POD_SHARD"", ""E_CIPHER_SHAMAN_PROTOCOL"", ""E_ECHO_SNIPER_PACK"", ""E_FLUX_SHAMAN_CREW"", ""E_GHOST_DAEMON_SWARM"", ""E_GLITCH_BRUISER_MK_II"", ""E_GLITCH_RUNNER_NODE"", ""E_GLITCH_TECH_PROTOCOL"", ""E_HACKER_DRONE"", ""E_HOLO_ENFORCER_MK_I"", ""E_HOLO_SAPPER_CELL"", ""E_NEON_WARDEN_SUITE"", ""E_PULSE_BRUISER_FRAME"", ""E_PULSE_RAT_MK_II"", ""E_PULSE_SAPPER_ARRAY"", ""E_PULSE_SAPPER_CELL"", ""E_RAZOR_CLERIC_MK_II"", ""E_STATIC_DAEMON_SWARM"", ""E_VECTOR_MARAUDER_PROXY""], ""selection"": {""strategy"": ""weighted_by_enemy_inclusion_weight"", ""allowDuplicates"": false}, ""notes"": ""all enemies focus on dealing damage""}",80,120,Converted from Encounters - Copy.csv template into generatorRules (active cap + optional waves).,"{""template_extra"": ""all enemies focus on dealing damage""}"
ENC-006,Defensive encounter,1,normal,generated,,"{""style"": ""randomised"", ""act"": 1, ""minEnemies"": 2, ""maxEnemies"": 3, ""activeEnemyCap"": 3, ""allowWaves"": false, ""eligibleEnemyIds"": [""E_CIPHER_HACKER_MK_II"", ""E_CIRCUIT_DAEMON_ARRAY"", ""E_CIRCUIT_HACKER_ARRAY"", ""E_CIRCUIT_TECH_RIG"", ""E_CORRODE_RAT"", ""E_ECHO_DAEMON_CREW"", ""E_ECHO_ENFORCER_MK_I"", ""E_ECHO_SHAMAN_SWARM"", ""E_ECHO_SNIPER_PACK_2"", ""E_FIREWALL_POD"", ""E_FLUX_POD_SHARD"", ""E_GHOST_RUNNER_PROTOCOL"", ""E_GLITCH_WARDEN_SUITE"", ""E_HOLO_POD_NODE"", ""E_HOLO_RAT_MK_II"", ""E_HOLO_SCOUT_PROXY"", ""E_HOLO_SHAMAN_CREW"", ""E_HOLO_SHAMAN_MK_I"", ""E_HOLO_SNIPER_SHARD"", ""E_ION_CLERIC_PROXY"", ""E_ION_RAT_SUITE"", ""E_ION_SAPPER_RIG"", ""E_ION_SENTINEL_NODE"", ""E_ION_SNIPER_RIG"", ""E_KILO_COURIER_ARRAY"", ""E_KILO_ENFORCER_UNIT"", ""E_KILO_SNIPER_UNIT"", ""E_KILO_TECH_SWARM"", ""E_LEAK_WRAITH"", ""E_NEON_COURIER_CREW"", ""E_NULL_DAEMON_RIG"", ""E_OBSIDIAN_BRUISER_PACK"", ""E_OBSIDIAN_SNIPER_MK_III"", ""E_OBSIDIAN_TECH_RIG"", ""E_PULSE_SHAMAN_SUITE"", ""E_QUANTUM_HACKER_PACK"", ""E_QUANTUM_POD_SUITE"", ""E_QUANTUM_TECH_NODE"", ""E_RAZOR_RUNNER_PROXY"", ""E_RAZOR_SHAMAN_CREW"", ""E_RAZOR_SHAMAN_MK_II"", ""E_ROGUE_POD_PROTOCOL"", ""E_ROGUE_SCOUT_SWARM"", ""E_ROGUE_SNIPER_UNIT"", ""E_ROGUE_TECH_ARRAY"", ""E_ROGUE_TECH_SHARD"", ""E_STATIC_DRONE_MK_II"", ""E_STATIC_IMP_RIG"", ""E_STATIC_SCOUT_MK_II"", ""E_STATIC_WARDEN_ARRAY"", ""E_VANTA_BRUISER_PROXY"", ""E_VANTA_DRONE_MK_III"", ""E_VANTA_ENFORCER_SWARM"", ""E_VANTA_MARAUDER_MK_I"", ""E_VANTA_SAPPER_SHARD"", ""E_VANTA_SCOUT_PACK"", ""E_VANTA_SENTINEL_PROTOCOL"", ""E_VECTOR_COURIER_ARRAY"", ""E_VECTOR_DAEMON_FRAME"", ""E_VECTOR_GOON_PROXY"", ""E_VECTOR_HACKER_PACK""], ""selection"": {""strategy"": ""weighted_by_enemy_inclusion_weight"", ""allowDuplicates"": false}, ""notes"": ""All enemies can buff / debuff / protect""}",80,120,Converted from Encounters - Copy.csv template into generatorRules (active cap + optional waves).,"{""template_extra"": ""All enemies can buff / debuff / protect""}"
ENC-007,Mixed encounter,1,normal,generated,,"{""style"": ""randomised"", ""act"": 1, ""minEnemies"": 2, ""maxEnemies"": 3, ""activeEnemyCap"": 3, ""allowWaves"": false, ""eligibleEnemyIds"": [""E_CHROME_BRUISER_SHARD"", ""E_CHROME_CLERIC_PROTOCOL"", ""E_CHROME_MARAUDER_CELL"", ""E_CHROME_WARDEN_SWARM"", ""E_CIPHER_CLERIC_SHARD"", ""E_CIPHER_DRONE_PROTOCOL"", ""E_CIPHER_HACKER_MK_II"", ""E_CIPHER_HACKER_SWARM"", ""E_CIPHER_WARDEN_NODE"", ""E_CIRCUIT_BRUISER_MK_III"", ""E_CIRCUIT_DAEMON_ARRAY"", ""E_CIRCUIT_HACKER_ARRAY"", ""E_CIRCUIT_TECH_RIG"", ""E_CORRODE_RAT"", ""E_ECHO_DAEMON_CREW"", ""E_ECHO_ENFORCER_MK_I"", ""E_ECHO_IMP_MK_II"", ""E_ECHO_SENTINEL_SHARD"", ""E_ECHO_SHAMAN_SWARM"", ""E_ECHO_SNIPER_PACK_2"", ""E_FIREWALL_POD"", ""E_FLUX_COURIER_PROXY"", ""E_FLUX_POD_SHARD"", ""E_GHOST_CLERIC_SHARD"", ""E_GHOST_GOON_MK_III"", ""E_GHOST_RUNNER_PROTOCOL"", ""E_GLITCH_WARDEN_SUITE"", ""E_HOLO_POD_NODE"", ""E_HOLO_RAT_MK_II"", ""E_HOLO_RUNNER_NODE"", ""E_HOLO_SCOUT_PROXY"", ""E_HOLO_SHAMAN_CREW"", ""E_HOLO_SHAMAN_MK_I"", ""E_HOLO_SNIPER_SHARD"", ""E_HOLO_SNIPER_SUITE"", ""E_ION_CLERIC_PROXY"", ""E_ION_RAT_SUITE"", ""E_ION_SAPPER_RIG"", ""E_ION_SENTINEL_NODE"", ""E_ION_SNIPER_RIG"", ""E_KILO_COURIER_ARRAY"", ""E_KILO_ENFORCER_UNIT"", ""E_KILO_SNIPER_ARRAY"", ""E_KILO_SNIPER_UNIT"", ""E_KILO_TECH_SWARM"", ""E_LEAK_WRAITH"", ""E_NEON_COURIER_CREW"", ""E_NEON_POD_SUITE"", ""E_NEON_SAPPER_MK_II"", ""E_NULL_DAEMON_MK_II"", ""E_NULL_DAEMON_RIG"", ""E_NULL_SHAMAN_UNIT"", ""E_OBSIDIAN_BRUISER_PACK"", ""E_OBSIDIAN_HACKER_SWARM"", ""E_OBSIDIAN_POD_MK_I"", ""E_OBSIDIAN_SNIPER_MK_III"", ""E_OBSIDIAN_TECH_RIG"", ""E_PATCH_SPRITE"", ""E_PULSE_DAEMON_UNIT"", ""E_PULSE_SHAMAN_MK_I"", ""E_PULSE_SHAMAN_SUITE"", ""E_QUANTUM_HACKER_PACK"", ""E_QUANTUM_POD_SUITE"", ""E_QUANTUM_TECH_NODE"", ""E_RAZOR_ENFORCER_FRAME"", ""E_RAZOR_RUNNER_PROXY"", ""E_RAZOR_SHAMAN_CREW"", ""E_RAZOR_SHAMAN_MK_II"", ""E_RAZOR_TECH_NODE"", ""E_ROGUE_POD_PROTOCOL"", ""E_ROGUE_SCOUT_SWARM"", ""E_ROGUE_SNIPER_UNIT"", ""E_ROGUE_TECH_ARRAY"", ""E_ROGUE_TECH_SHARD"", ""E_SCRAP_MINION"", ""E_SIGNAL_IMP"", ""E_STATIC_DRONE_MK_II"", ""E_STATIC_IMP_RIG"", ""E_STATIC_POD_PROTOCOL"", ""E_STATIC_SAPPER_CELL"", ""E_STATIC_SCOUT_MK_II"", ""E_STATIC_WARDEN_ARRAY"", ""E_VANTA_BRUISER_PROXY"", ""E_VANTA_DRONE_FRAME"", ""E_VANTA_DRONE_MK_III"", ""E_VANTA_ENFORCER_MK_I"", ""E_VANTA_ENFORCER_SWARM"", ""E_VANTA_MARAUDER_MK_I"", ""E_VANTA_SAPPER_NODE"", ""E_VANTA_SAPPER_SHARD"", ""E_VANTA_SCOUT_NODE"", ""E_VANTA_SCOUT_PACK"", ""E_VANTA_SENTINEL_PROTOCOL"", ""E_VANTA_TECH_NODE"", ""E_VECTOR_COURIER_ARRAY"", ""E_VECTOR_DAEMON_FRAME"", ""E_VECTOR_GOON_PROXY"", ""E_VECTOR_HACKER_PACK"", ""E_VECTOR_RAT_MK_III""], ""selection"": {""strategy"": ""weighted_by_enemy_inclusion_weight"", ""allowDuplicates"": false}, ""notes"": ""enemies cannot have the same primary purpose as one another""}",100,120,Converted from Encounters - Copy.csv template into generatorRules (active cap + optional waves).,"{""template_extra"": ""enemies cannot have the same primary purpose as one another""}"
ENC-008,Healing Support,1,normal,generated,,"{""style"": ""randomised"", ""act"": 1, ""minEnemies"": 3, ""maxEnemies"": 3, ""activeEnemyCap"": 3, ""allowWaves"": false, ""eligibleEnemyIds"": [""E_CHROME_MARAUDER_CELL"", ""E_CHROME_WARDEN_SWARM"", ""E_CIPHER_CLERIC_SHARD"", ""E_CIPHER_POD_SHARD"", ""E_CIRCUIT_BRUISER_MK_III"", ""E_ECHO_IMP_MK_II"", ""E_FLUX_COURIER_PROXY"", ""E_FLUX_SHAMAN_CREW"", ""E_GHOST_CLERIC_SHARD"", ""E_HOLO_RUNNER_NODE"", ""E_NEON_SAPPER_MK_II"", ""E_NULL_DAEMON_MK_II"", ""E_NULL_SHAMAN_UNIT"", ""E_OBSIDIAN_POD_MK_I"", ""E_PATCH_SPRITE"", ""E_PULSE_BRUISER_FRAME"", ""E_PULSE_DAEMON_UNIT"", ""E_PULSE_SAPPER_CELL"", ""E_STATIC_DAEMON_SWARM"", ""E_VANTA_DRONE_FRAME"", ""E_VANTA_SAPPER_NODE"", ""E_VANTA_TECH_NODE"", ""E_VECTOR_RAT_MK_III""], ""selection"": {""strategy"": ""weighted_by_enemy_inclusion_weight"", ""allowDuplicates"": false}, ""notes"": ""Must have 1 enemy with primary purpose: damage""}",120,150,Converted from Encounters - Copy.csv template into generatorRules (active cap + optional waves).,"{""template_extra"": ""Must have 1 enemy with primary purpose: damage""}"
ENC-009,Boss 1,1,normal,generated,,"{""style"": ""structured"", ""act"": 1, ""minEnemies"": 1, ""maxEnemies"": 3, ""activeEnemyCap"": 3, ""allowWaves"": false, ""eligibleEnemyIds"": [], ""selection"": {""strategy"": ""weighted_by_enemy_inclusion_weight"", ""allowDuplicates"": false}, ""notes"": ""Final encounter in act""}",0,0,Converted from Encounters - Copy.csv template into generatorRules (active cap + optional waves).,"{""template_extra"": ""Final encounter in act""}"
ENC-010,Boss 2,1,normal,generated,,"{""style"": ""structured"", ""act"": 1, ""minEnemies"": 1, ""maxEnemies"": 3, ""activeEnemyCap"": 3, ""allowWaves"": false, ""eligibleEnemyIds"": [], ""selection"": {""strategy"": ""weighted_by_enemy_inclusion_weight"", ""allowDuplicates"": false}, ""notes"": ""Final encounter in act""}",0,0,Converted from Encounters - Copy.csv template into generatorRules (active cap + optional waves).,"{""template_extra"": ""Final encounter in act""}"
ENC-011,Boss 3,1,normal,generated,,"{""style"": ""structured"", ""act"": 1, ""minEnemies"": 1, ""maxEnemies"": 3, ""activeEnemyCap"": 3, ""allowWaves"": false, ""eligibleEnemyIds"": [], ""selection"": {""strategy"": ""weighted_by_enemy_inclusion_weight"", ""allowDuplicates"": false}, ""notes"": ""Final encounter in act""}",0,0,Converted from Encounters - Copy.csv template into generatorRules (active cap + optional waves).,"{""template_extra"": ""Final encounter in act""}"
ENC-012,Runner,1,normal,generated,,"{""style"": ""structured"", ""act"": 1, ""minEnemies"": 1, ""maxEnemies"": 1, ""activeEnemyCap"": 1, ""allowWaves"": false, ""eligibleEnemyIds"": [], ""selection"": {""strategy"": ""weighted_by_enemy_inclusion_weight"", ""allowDuplicates"": false}, ""notes"": ""Enemy's initial intention is to flee; if player defeats the enemy before they flee, they get a reward. If the enemy flees, no reward.""}",80,120,Converted from Encounters - Copy.csv template into generatorRules (active cap + optional waves).,"{""template_extra"": ""Enemy's initial intention is to flee; if player defeats the enemy before they flee, they get a reward. If the enemy flees, no reward.""}"
ENC_GEN_A1_MIX_1_3,Act 1 Random: Mixed (1–3),1,normal,generated,,"{""style"": ""randomised"", ""act"": 1, ""minEnemies"": 1, ""maxEnemies"": 3, ""activeEnemyCap"": 3, ""allowWaves"": false, ""eligibleEnemyIds"": [""E_CHROME_BRUISER_SHARD"", ""E_CHROME_CLERIC_PROTOCOL"", ""E_CHROME_MARAUDER_CELL"", ""E_CHROME_SAPPER_CREW"", ""E_CHROME_SAPPER_NODE"", ""E_CHROME_WARDEN_SWARM"", ""E_CIPHER_CLERIC_SHARD"", ""E_CIPHER_DRONE_PROTOCOL"", ""E_CIPHER_HACKER_MK_II"", ""E_CIPHER_HACKER_SWARM"", ""E_CIPHER_POD_SHARD"", ""E_CIPHER_SHAMAN_PROTOCOL"", ""E_CIPHER_WARDEN_NODE"", ""E_CIRCUIT_BRUISER_MK_III"", ""E_CIRCUIT_DAEMON_ARRAY"", ""E_CIRCUIT_HACKER_ARRAY"", ""E_CIRCUIT_TECH_RIG"", ""E_CORRODE_RAT"", ""E_ECHO_DAEMON_CREW"", ""E_ECHO_ENFORCER_MK_I"", ""E_ECHO_IMP_MK_II"", ""E_ECHO_SENTINEL_SHARD"", ""E_ECHO_SNIPER_PACK"", ""E_ECHO_SNIPER_PACK_2"", ""E_FIREWALL_POD"", ""E_FLUX_COURIER_PROXY"", ""E_FLUX_POD_SHARD"", ""E_GHOST_CLERIC_SHARD"", ""E_GHOST_DAEMON_SWARM"", ""E_GHOST_GOON_MK_III"", ""E_GHOST_RUNNER_PROTOCOL"", ""E_GLITCH_BRUISER_MK_II"", ""E_GLITCH_RUNNER_NODE"", ""E_GLITCH_TECH_PROTOCOL"", ""E_GLITCH_WARDEN_SUITE"", ""E_HACKER_DRONE"", ""E_HOLO_ENFORCER_MK_I"", ""E_HOLO_POD_NODE"", ""E_HOLO_RAT_MK_II"", ""E_HOLO_RUNNER_NODE"", ""E_HOLO_SAPPER_CELL"", ""E_HOLO_SCOUT_PROXY"", ""E_HOLO_SHAMAN_CREW"", ""E_HOLO_SHAMAN_MK_I"", ""E_HOLO_SNIPER_SHARD"", ""E_ION_CLERIC_PROXY"", ""E_ION_RAT_SUITE"", ""E_ION_SAPPER_RIG"", ""E_ION_SENTINEL_NODE"", ""E_ION_SNIPER_RIG"", ""E_KILO_COURIER_ARRAY"", ""E_KILO_ENFORCER_UNIT"", ""E_KILO_SNIPER_ARRAY"", ""E_KILO_SNIPER_UNIT"", ""E_KILO_TECH_SWARM"", ""E_LEAK_WRAITH"", ""E_NEON_COURIER_CREW"", ""E_NEON_POD_SUITE"", ""E_NEON_SAPPER_MK_II"", ""E_NEON_WARDEN_SUITE"", ""E_NULL_DAEMON_MK_II"", ""E_NULL_DAEMON_RIG"", ""E_NULL_SHAMAN_UNIT"", ""E_OBSIDIAN_BRUISER_PACK"", ""E_OBSIDIAN_POD_MK_I"", ""E_OBSIDIAN_SNIPER_MK_III"", ""E_OBSIDIAN_TECH_RIG"", ""E_PATCH_SPRITE"", ""E_PULSE_BRUISER_FRAME"", ""E_PULSE_DAEMON_UNIT"", ""E_PULSE_RAT_MK_II"", ""E_PULSE_SAPPER_ARRAY"", ""E_PULSE_SAPPER_CELL"", ""E_PULSE_SHAMAN_MK_I"", ""E_PULSE_SHAMAN_SUITE"", ""E_QUANTUM_HACKER_PACK"", ""E_QUANTUM_POD_SUITE"", ""E_QUANTUM_TECH_NODE"", ""E_RAZOR_CLERIC_MK_II"", ""E_RAZOR_ENFORCER_FRAME"", ""E_RAZOR_RUNNER_PROXY"", ""E_RAZOR_SHAMAN_CREW"", ""E_RAZOR_SHAMAN_MK_II"", ""E_RAZOR_TECH_NODE"", ""E_ROGUE_POD_PROTOCOL"", ""E_ROGUE_SCOUT_SWARM"", ""E_ROGUE_SNIPER_UNIT"", ""E_ROGUE_TECH_ARRAY"", ""E_ROGUE_TECH_SHARD"", ""E_SCRAP_MINION"", ""E_SIGNAL_IMP"", ""E_STATIC_DAEMON_SWARM"", ""E_STATIC_DRONE_MK_II"", ""E_STATIC_IMP_RIG"", ""E_STATIC_POD_PROTOCOL"", ""E_STATIC_SAPPER_CELL"", ""E_STATIC_SCOUT_MK_II"", ""E_STATIC_WARDEN_ARRAY"", ""E_VANTA_BRUISER_PROXY"", ""E_VANTA_DRONE_FRAME"", ""E_VANTA_DRONE_MK_III"", ""E_VANTA_ENFORCER_MK_I"", ""E_VANTA_ENFORCER_SWARM"", ""E_VANTA_MARAUDER_MK_I"", ""E_VANTA_SAPPER_NODE"", ""E_VANTA_SAPPER_SHARD"", ""E_VANTA_SCOUT_PACK"", ""E_VANTA_SENTINEL_PROTOCOL"", ""E_VANTA_TECH_NODE"", ""E_VECTOR_COURIER_ARRAY"", ""E_VECTOR_DAEMON_FRAME"", ""E_VECTOR_GOON_PROXY"", ""E_VECTOR_HACKER_PACK"", ""E_VECTOR_MARAUDER_PROXY"", ""E_VECTOR_RAT_MK_III""], ""selection"": {""strategy"": ""balance_roles_then_weighted"", ""allowDuplicates"": false}, ""notes"": ""Broad pool, aims to avoid stagnation.""}",30,60,"Broad pool, aims to avoid stagnation.","{""poolSize"": 115}"
ENC_A2_EL1_01,Act 2: Elite Single 1,2,elite,fixed,E_FLUX_SHAMAN_CREW,,130,180,Structured elite: single high-threat unit.,{}
ENC_A2_EL1_02,Act 2: Elite Single 2,2,elite,fixed,E_HOLO_SNIPER_SUITE,,130,180,Structured elite: single high-threat unit.,{}
ENC_A2_EL2_01,Act 2: Elite Pair 1,2,elite,fixed,E_CIPHER_HACKER_MK_II;E_CIRCUIT_HACKER_ARRAY,,130,180,Structured elite: two coordinated threats.,{}
ENC_A2_EL2_02,Act 2: Elite Pair 2,2,elite,fixed,E_CIPHER_HACKER_SWARM;E_ECHO_SHAMAN_SWARM,,130,180,Structured elite: two coordinated threats.,{}
ENC_A2_SPEC_CONTROL,Act 2 Special: Control Stack,2,hard,fixed,E_STATIC_SAPPER_CELL;E_CIRCUIT_BRUISER_MK_III,,90,130,Structured: control + support. Tests debuff management.,{}
ENC_A2_SPEC_DECAY,Act 2 Special: Corruption Pressure,2,hard,fixed,E_KILO_COURIER_ARRAY;E_HACKER_DRONE,,90,130,Structured: debuff+damage pairing. Punishes slow lines.,{}
ENC_A2_SPEC_SCREEN,Act 2 Special: Screen + Striker,2,hard,fixed,E_ION_SENTINEL_NODE;E_HACKER_DRONE,,90,130,Structured: tank screens while striker pressures. Tests target priority.,{}
ENC_GEN_A2_CONTROL_FOCUS,Act 2 Random: Control Focus,2,hard,generated,,"{""style"": ""randomised"", ""act"": 2, ""minEnemies"": 1, ""maxEnemies"": 3, ""activeEnemyCap"": 3, ""allowWaves"": false, ""eligibleEnemyIds"": [""E_CIPHER_HACKER_MK_II"", ""E_CIPHER_HACKER_SWARM"", ""E_CIRCUIT_HACKER_ARRAY"", ""E_CORRODE_RAT"", ""E_ECHO_SHAMAN_SWARM"", ""E_GHOST_RUNNER_PROTOCOL"", ""E_GLITCH_WARDEN_SUITE"", ""E_HOLO_POD_NODE"", ""E_HOLO_SNIPER_SUITE"", ""E_KILO_COURIER_ARRAY"", ""E_KILO_SNIPER_ARRAY"", ""E_KILO_SNIPER_UNIT"", ""E_LEAK_WRAITH"", ""E_NEON_POD_SUITE"", ""E_NULL_DAEMON_RIG"", ""E_STATIC_IMP_RIG"", ""E_STATIC_POD_PROTOCOL"", ""E_STATIC_SAPPER_CELL"", ""E_STATIC_WARDEN_ARRAY""], ""selection"": {""strategy"": ""balance_roles_then_weighted"", ""allowDuplicates"": false}, ""notes"": ""Bias towards Control/Debuff enemies.""}",90,130,Bias towards Control/Debuff enemies.,"{""poolSize"": 19}"
ENC_GEN_A2_DAMAGE_FOCUS,Act 2 Random: Damage Focus,2,hard,generated,,"{""style"": ""randomised"", ""act"": 2, ""minEnemies"": 1, ""maxEnemies"": 3, ""activeEnemyCap"": 3, ""allowWaves"": false, ""eligibleEnemyIds"": [""E_CHROME_SAPPER_CREW"", ""E_CIPHER_POD_SHARD"", ""E_FLUX_SHAMAN_CREW"", ""E_GLITCH_RUNNER_NODE"", ""E_HACKER_DRONE"", ""E_HOLO_ENFORCER_MK_I"", ""E_HOLO_SAPPER_CELL"", ""E_NEON_WARDEN_SUITE"", ""E_PULSE_BRUISER_FRAME"", ""E_PULSE_SAPPER_ARRAY"", ""E_PULSE_SAPPER_CELL"", ""E_STATIC_DAEMON_SWARM"", ""E_VECTOR_MARAUDER_PROXY""], ""selection"": {""strategy"": ""balance_roles_then_weighted"", ""allowDuplicates"": false}, ""notes"": ""Bias towards Attack primaryPurpose.""}",90,130,Bias towards Attack primaryPurpose.,"{""poolSize"": 13}"
ENC_GEN_A2_LEAK_THEME,Act 2 Random: Leak Theme,2,hard,generated,,"{""style"": ""randomised"", ""act"": 2, ""minEnemies"": 1, ""maxEnemies"": 3, ""activeEnemyCap"": 3, ""allowWaves"": false, ""eligibleEnemyIds"": [""E_LEAK_WRAITH""], ""selection"": {""strategy"": ""balance_roles_then_weighted"", ""allowDuplicates"": false}, ""notes"": ""Bias towards enemies referencing Leak.""}",90,130,Bias towards enemies referencing Leak.,"{""poolSize"": 1}"
ENC_A2_N1_01,Act 2: Lone Process 1,2,normal,fixed,E_CIRCUIT_BRUISER_MK_III,,50,90,Highly structured: 1-enemy encounter. Baseline pacing.,{}
ENC_A2_N1_02,Act 2: Lone Process 2,2,normal,fixed,E_CORRODE_RAT,,50,90,Highly structured: 1-enemy encounter. Baseline pacing.,{}
ENC_A2_N1_03,Act 2: Lone Process 3,2,normal,fixed,E_ECHO_SNIPER_PACK_2,,50,90,Highly structured: 1-enemy encounter. Baseline pacing.,{}
ENC_A2_N1_04,Act 2: Lone Process 4,2,normal,fixed,E_FLUX_COURIER_PROXY,,50,90,Highly structured: 1-enemy encounter. Baseline pacing.,{}
ENC_A2_N1_05,Act 2: Lone Process 5,2,normal,fixed,E_GLITCH_RUNNER_NODE,,50,90,Highly structured: 1-enemy encounter. Baseline pacing.,{}
ENC_A2_N1_06,Act 2: Lone Process 6,2,normal,fixed,E_HACKER_DRONE,,50,90,Highly structured: 1-enemy encounter. Baseline pacing.,{}
ENC_A2_N1_07,Act 2: Lone Process 7,2,normal,fixed,E_HOLO_ENFORCER_MK_I,,50,90,Highly structured: 1-enemy encounter. Baseline pacing.,{}
ENC_A2_N1_08,Act 2: Lone Process 8,2,normal,fixed,E_HOLO_POD_NODE,,50,90,Highly structured: 1-enemy encounter. Baseline pacing.,{}
ENC_A2_N2_01,Act 2: Pair Routine 1,2,normal,fixed,E_STATIC_SCOUT_MK_II;E_VANTA_ENFORCER_SWARM,,50,90,"Structured: 2-enemy encounter, mixed roles.",{}
ENC_A2_N2_02,Act 2: Pair Routine 2,2,normal,fixed,E_STATIC_WARDEN_ARRAY;E_VANTA_SAPPER_NODE,,50,90,"Structured: 2-enemy encounter, mixed roles.",{}
ENC_A2_N2_03,Act 2: Pair Routine 3,2,normal,fixed,E_VANTA_DRONE_FRAME;E_VANTA_TECH_NODE,,50,90,"Structured: 2-enemy encounter, mixed roles.",{}
ENC_A2_N2_04,Act 2: Pair Routine 4,2,normal,fixed,E_VANTA_ENFORCER_SWARM;E_VECTOR_COURIER_ARRAY,,50,90,"Structured: 2-enemy encounter, mixed roles.",{}
ENC_A2_N2_05,Act 2: Pair Routine 5,2,normal,fixed,E_VANTA_SAPPER_NODE;E_VECTOR_DAEMON_FRAME,,50,90,"Structured: 2-enemy encounter, mixed roles.",{}
ENC_A2_N2_06,Act 2: Pair Routine 6,2,normal,fixed,E_VANTA_TECH_NODE;E_VECTOR_GOON_PROXY,,50,90,"Structured: 2-enemy encounter, mixed roles.",{}
ENC_A2_N2_07,Act 2: Pair Routine 7,2,normal,fixed,E_VECTOR_COURIER_ARRAY;E_VECTOR_MARAUDER_PROXY,,50,90,"Structured: 2-enemy encounter, mixed roles.",{}
ENC_A2_N2_08,Act 2: Pair Routine 8,2,normal,fixed,E_VECTOR_DAEMON_FRAME;E_CHROME_SAPPER_CREW,,50,90,"Structured: 2-enemy encounter, mixed roles.",{}
ENC_A2_N3_01,Act 2: Trio Loop 1,2,normal,fixed,E_STATIC_WARDEN_ARRAY;E_VANTA_SAPPER_NODE;E_VECTOR_DAEMON_FRAME,,90,130,Structured: 3-enemy encounter. Slightly higher payout to match pressure.,{}
ENC_A2_N3_02,Act 2: Trio Loop 2,2,normal,fixed,E_VANTA_DRONE_FRAME;E_VANTA_TECH_NODE;E_VECTOR_GOON_PROXY,,90,130,Structured: 3-enemy encounter. Slightly higher payout to match pressure.,{}
ENC_A2_N3_03,Act 2: Trio Loop 3,2,normal,fixed,E_VANTA_ENFORCER_SWARM;E_VECTOR_COURIER_ARRAY;E_VECTOR_MARAUDER_PROXY,,90,130,Structured: 3-enemy encounter. Slightly higher payout to match pressure.,{}
ENC_A2_N3_04,Act 2: Trio Loop 4,2,normal,fixed,E_VANTA_SAPPER_NODE;E_VECTOR_DAEMON_FRAME;E_CHROME_SAPPER_CREW,,90,130,Structured: 3-enemy encounter. Slightly higher payout to match pressure.,{}
ENC_A2_N3_05,Act 2: Trio Loop 5,2,normal,fixed,E_VANTA_TECH_NODE;E_VECTOR_GOON_PROXY;E_CIPHER_CLERIC_SHARD,,90,130,Structured: 3-enemy encounter. Slightly higher payout to match pressure.,{}
ENC_A2_N3_06,Act 2: Trio Loop 6,2,normal,fixed,E_VECTOR_COURIER_ARRAY;E_VECTOR_MARAUDER_PROXY;E_CIPHER_HACKER_MK_II,,90,130,Structured: 3-enemy encounter. Slightly higher payout to match pressure.,{}
ENC_GEN_A2_MIX_1_3,Act 2 Random: Mixed (1–3),2,normal,generated,,"{""style"": ""randomised"", ""act"": 2, ""minEnemies"": 1, ""maxEnemies"": 3, ""activeEnemyCap"": 3, ""allowWaves"": false, ""eligibleEnemyIds"": [""E_CHROME_SAPPER_CREW"", ""E_CIPHER_CLERIC_SHARD"", ""E_CIPHER_HACKER_MK_II"", ""E_CIPHER_HACKER_SWARM"", ""E_CIPHER_POD_SHARD"", ""E_CIRCUIT_BRUISER_MK_III"", ""E_CIRCUIT_HACKER_ARRAY"", ""E_CORRODE_RAT"", ""E_ECHO_SNIPER_PACK_2"", ""E_FLUX_COURIER_PROXY"", ""E_GHOST_RUNNER_PROTOCOL"", ""E_GLITCH_RUNNER_NODE"", ""E_GLITCH_WARDEN_SUITE"", ""E_HACKER_DRONE"", ""E_HOLO_ENFORCER_MK_I"", ""E_HOLO_POD_NODE"", ""E_HOLO_SAPPER_CELL"", ""E_HOLO_SHAMAN_CREW"", ""E_HOLO_SHAMAN_MK_I"", ""E_HOLO_SNIPER_SHARD"", ""E_ION_CLERIC_PROXY"", ""E_ION_RAT_SUITE"", ""E_ION_SAPPER_RIG"", ""E_ION_SENTINEL_NODE"", ""E_ION_SNIPER_RIG"", ""E_KILO_COURIER_ARRAY"", ""E_KILO_ENFORCER_UNIT"", ""E_KILO_SNIPER_ARRAY"", ""E_KILO_SNIPER_UNIT"", ""E_KILO_TECH_SWARM"", ""E_LEAK_WRAITH"", ""E_NEON_COURIER_CREW"", ""E_NEON_POD_SUITE"", ""E_NEON_SAPPER_MK_II"", ""E_NEON_WARDEN_SUITE"", ""E_NULL_DAEMON_MK_II"", ""E_NULL_DAEMON_RIG"", ""E_NULL_SHAMAN_UNIT"", ""E_OBSIDIAN_POD_MK_I"", ""E_PULSE_BRUISER_FRAME"", ""E_PULSE_DAEMON_UNIT"", ""E_PULSE_SAPPER_ARRAY"", ""E_PULSE_SAPPER_CELL"", ""E_PULSE_SHAMAN_SUITE"", ""E_QUANTUM_POD_SUITE"", ""E_RAZOR_RUNNER_PROXY"", ""E_RAZOR_SHAMAN_CREW"", ""E_ROGUE_POD_PROTOCOL"", ""E_ROGUE_SNIPER_UNIT"", ""E_ROGUE_TECH_SHARD"", ""E_STATIC_DAEMON_SWARM"", ""E_STATIC_DRONE_MK_II"", ""E_STATIC_IMP_RIG"", ""E_STATIC_POD_PROTOCOL"", ""E_STATIC_SAPPER_CELL"", ""E_STATIC_SCOUT_MK_II"", ""E_STATIC_WARDEN_ARRAY"", ""E_VANTA_DRONE_FRAME"", ""E_VANTA_ENFORCER_SWARM"", ""E_VANTA_SAPPER_NODE"", ""E_VANTA_TECH_NODE"", ""E_VECTOR_COURIER_ARRAY"", ""E_VECTOR_DAEMON_FRAME"", ""E_VECTOR_GOON_PROXY"", ""E_VECTOR_MARAUDER_PROXY""], ""selection"": {""strategy"": ""balance_roles_then_weighted"", ""allowDuplicates"": false}, ""notes"": ""Broad pool, aims to avoid stagnation.""}",50,90,"Broad pool, aims to avoid stagnation.","{""poolSize"": 65}"
ENC_A3_EL1_01,Act 3: Elite Single 1,3,elite,fixed,E_HOLO_SNIPER_SUITE,,170,230,Structured elite: single high-threat unit.,{}
ENC_A3_EL1_02,Act 3: Elite Single 2,3,elite,fixed,E_OBSIDIAN_HACKER_SWARM,,170,230,Structured elite: single high-threat unit.,{}
ENC_A3_EL2_01,Act 3: Elite Pair 1,3,elite,fixed,E_VECTOR_GOON_PROXY;E_ECHO_SHAMAN_SWARM,,170,230,Structured elite: two coordinated threats.,{}
ENC_A3_EL2_02,Act 3: Elite Pair 2,3,elite,fixed,E_CIPHER_HACKER_MK_II;E_FLUX_SHAMAN_CREW,,170,230,Structured elite: two coordinated threats.,{}
ENC_A3_SPEC_DECAY,Act 3 Special: Corruption Pressure,3,hard,fixed,E_ECHO_SHAMAN_SWARM;E_CIPHER_POD_SHARD,,120,170,Structured: debuff+damage pairing. Punishes slow lines.,{}
ENC_A3_SPEC_SCREEN,Act 3 Special: Screen + Striker,3,hard,fixed,E_VECTOR_GOON_PROXY;E_CIPHER_POD_SHARD,,120,170,Structured: tank screens while striker pressures. Tests target priority.,{}
ENC_GEN_A3_CONTROL_FOCUS,Act 3 Random: Control Focus,3,hard,generated,,"{""style"": ""randomised"", ""act"": 3, ""minEnemies"": 1, ""maxEnemies"": 3, ""activeEnemyCap"": 3, ""allowWaves"": false, ""eligibleEnemyIds"": [""E_CIPHER_HACKER_MK_II"", ""E_ECHO_SHAMAN_SWARM"", ""E_GLITCH_WARDEN_SUITE"", ""E_HOLO_SNIPER_SUITE"", ""E_STATIC_SAPPER_CELL"", ""E_STATIC_WARDEN_ARRAY""], ""selection"": {""strategy"": ""balance_roles_then_weighted"", ""allowDuplicates"": false}, ""notes"": ""Bias towards Control/Debuff enemies.""}",120,170,Bias towards Control/Debuff enemies.,"{""poolSize"": 6}"
ENC_GEN_A3_DAMAGE_FOCUS,Act 3 Random: Damage Focus,3,hard,generated,,"{""style"": ""randomised"", ""act"": 3, ""minEnemies"": 1, ""maxEnemies"": 3, ""activeEnemyCap"": 3, ""allowWaves"": false, ""eligibleEnemyIds"": [""E_CHROME_SAPPER_CREW"", ""E_CIPHER_POD_SHARD"", ""E_FLUX_SHAMAN_CREW"", ""E_NEON_WARDEN_SUITE"", ""E_STATIC_DAEMON_SWARM""], ""selection"": {""strategy"": ""balance_roles_then_weighted"", ""allowDuplicates"": false}, ""notes"": ""Bias towards Attack primaryPurpose.""}",120,170,Bias towards Attack primaryPurpose.,"{""poolSize"": 5}"
ENC_GEN_A3_LEAK_THEME,Act 3 Random: Leak Theme,3,hard,generated,,"{""style"": ""randomised"", ""act"": 3, ""minEnemies"": 1, ""maxEnemies"": 3, ""activeEnemyCap"": 3, ""allowWaves"": false, ""eligibleEnemyIds"": [], ""selection"": {""strategy"": ""balance_roles_then_weighted"", ""allowDuplicates"": false}, ""notes"": ""Bias towards enemies referencing Leak.""}",120,170,Bias towards enemies referencing Leak.,"{""poolSize"": 0}"
ENC_A3_N1_01,Act 3: Lone Process 1,3,normal,fixed,E_NEON_WARDEN_SUITE,,70,120,Highly structured: 1-enemy encounter. Baseline pacing.,{}
ENC_A3_N1_02,Act 3: Lone Process 2,3,normal,fixed,E_PULSE_SHAMAN_SUITE,,70,120,Highly structured: 1-enemy encounter. Baseline pacing.,{}
ENC_A3_N1_03,Act 3: Lone Process 3,3,normal,fixed,E_STATIC_WARDEN_ARRAY,,70,120,Highly structured: 1-enemy encounter. Baseline pacing.,{}
ENC_A3_N1_04,Act 3: Lone Process 4,3,normal,fixed,E_CHROME_SAPPER_CREW,,70,120,Highly structured: 1-enemy encounter. Baseline pacing.,{}
ENC_A3_N1_05,Act 3: Lone Process 5,3,normal,fixed,E_NEON_WARDEN_SUITE,,70,120,Highly structured: 1-enemy encounter. Baseline pacing.,{}
ENC_A3_N1_06,Act 3: Lone Process 6,3,normal,fixed,E_PULSE_SHAMAN_SUITE,,70,120,Highly structured: 1-enemy encounter. Baseline pacing.,{}
ENC_A3_N1_07,Act 3: Lone Process 7,3,normal,fixed,E_STATIC_WARDEN_ARRAY,,70,120,Highly structured: 1-enemy encounter. Baseline pacing.,{}
ENC_A3_N1_08,Act 3: Lone Process 8,3,normal,fixed,E_CHROME_SAPPER_CREW,,70,120,Highly structured: 1-enemy encounter. Baseline pacing.,{}
ENC_A3_N2_01,Act 3: Pair Routine 1,3,normal,fixed,E_GLITCH_WARDEN_SUITE;E_NEON_WARDEN_SUITE,,70,120,"Structured: 2-enemy encounter, mixed roles.",{}
ENC_A3_N2_02,Act 3: Pair Routine 2,3,normal,fixed,E_ION_CLERIC_PROXY;E_PULSE_SHAMAN_SUITE,,70,120,"Structured: 2-enemy encounter, mixed roles.",{}
ENC_A3_N2_03,Act 3: Pair Routine 3,3,normal,fixed,E_KILO_ENFORCER_UNIT;E_ROGUE_TECH_SHARD,,70,120,"Structured: 2-enemy encounter, mixed roles.",{}
ENC_A3_N2_04,Act 3: Pair Routine 4,3,normal,fixed,E_NEON_WARDEN_SUITE;E_STATIC_DAEMON_SWARM,,70,120,"Structured: 2-enemy encounter, mixed roles.",{}
ENC_A3_N2_05,Act 3: Pair Routine 5,3,normal,fixed,E_PULSE_SHAMAN_SUITE;E_STATIC_SAPPER_CELL,,70,120,"Structured: 2-enemy encounter, mixed roles.",{}
ENC_A3_N2_06,Act 3: Pair Routine 6,3,normal,fixed,E_ROGUE_TECH_SHARD;E_STATIC_SCOUT_MK_II,,70,120,"Structured: 2-enemy encounter, mixed roles.",{}
ENC_A3_N2_07,Act 3: Pair Routine 7,3,normal,fixed,E_STATIC_DAEMON_SWARM;E_STATIC_WARDEN_ARRAY,,70,120,"Structured: 2-enemy encounter, mixed roles.",{}
ENC_A3_N2_08,Act 3: Pair Routine 8,3,normal,fixed,E_STATIC_SAPPER_CELL;E_VECTOR_GOON_PROXY,,70,120,"Structured: 2-enemy encounter, mixed roles.",{}
ENC_A3_N3_01,Act 3: Trio Loop 1,3,normal,fixed,E_ION_CLERIC_PROXY;E_PULSE_SHAMAN_SUITE;E_STATIC_SAPPER_CELL,,120,170,Structured: 3-enemy encounter. Slightly higher payout to match pressure.,{}
ENC_A3_N3_02,Act 3: Trio Loop 2,3,normal,fixed,E_KILO_ENFORCER_UNIT;E_ROGUE_TECH_SHARD;E_STATIC_SCOUT_MK_II,,120,170,Structured: 3-enemy encounter. Slightly higher payout to match pressure.,{}
ENC_A3_N3_03,Act 3: Trio Loop 3,3,normal,fixed,E_NEON_WARDEN_SUITE;E_STATIC_DAEMON_SWARM;E_STATIC_WARDEN_ARRAY,,120,170,Structured: 3-enemy encounter. Slightly higher payout to match pressure.,{}
ENC_A3_N3_04,Act 3: Trio Loop 4,3,normal,fixed,E_PULSE_SHAMAN_SUITE;E_STATIC_SAPPER_CELL;E_VECTOR_GOON_PROXY,,120,170,Structured: 3-enemy encounter. Slightly higher payout to match pressure.,{}
ENC_A3_N3_05,Act 3: Trio Loop 5,3,normal,fixed,E_ROGUE_TECH_SHARD;E_STATIC_SCOUT_MK_II;E_CHROME_SAPPER_CREW,,120,170,Structured: 3-enemy encounter. Slightly higher payout to match pressure.,{}
ENC_A3_N3_06,Act 3: Trio Loop 6,3,normal,fixed,E_STATIC_DAEMON_SWARM;E_STATIC_WARDEN_ARRAY;E_CIPHER_HACKER_MK_II,,120,170,Structured: 3-enemy encounter. Slightly higher payout to match pressure.,{}
ENC_GEN_A3_MIX_1_3,Act 3 Random: Mixed (1–3),3,normal,generated,,"{""style"": ""randomised"", ""act"": 3, ""minEnemies"": 1, ""maxEnemies"": 3, ""activeEnemyCap"": 3, ""allowWaves"": false, ""eligibleEnemyIds"": [""E_CHROME_SAPPER_CREW"", ""E_CIPHER_HACKER_MK_II"", ""E_CIPHER_POD_SHARD"", ""E_GLITCH_WARDEN_SUITE"", ""E_ION_CLERIC_PROXY"", ""E_KILO_ENFORCER_UNIT"", ""E_NEON_WARDEN_SUITE"", ""E_PULSE_SHAMAN_SUITE"", ""E_ROGUE_TECH_SHARD"", ""E_STATIC_DAEMON_SWARM"", ""E_STATIC_SAPPER_CELL"", ""E_STATIC_SCOUT_MK_II"", ""E_STATIC_WARDEN_ARRAY"", ""E_VECTOR_GOON_PROXY""], ""selection"": {""strategy"": ""balance_roles_then_weighted"", ""allowDuplicates"": false}, ""notes"": ""Broad pool, aims to avoid stagnation.""}",70,120,"Broad pool, aims to avoid stagnation.","{""poolSize"": 14}"
